term_id,stable_id,term_en,canonical_form,candidate_class,zh_cn,keep_english_context,description,status,ai_review,human_approval,effective_version,distinct_unit_count,source_unit_ids,source_files,source_nodes,extraction_rule
term-v1-001,term-v1-c046349443df915b1749aa48a849ab6a8e2857f3ef0982a84aed2f8ff93ba88c,gmsh/initialize,gmsh/initialize,api_symbol,gmsh/initialize,所有代码、API 调用和正文标识语境均保留英文。,Gmsh API 标识符；使用时必须保持原拼写。,approved,two-independent-reviews-accepted,not-required-by-term-policy,4.15.2,1,07c81b60a6cc18f4b2ea26f485682bc052b6e6f6bc680ee49d922eea4a4940e9,doc/texinfo/api.texi,Namespace gmsh,curated-evidence-v1
term-v1-002,term-v1-036dcd0ab90a10a4c37a256fcdf80775da54b4c91af030691be003254f99eb4d,gmsh/finalize,gmsh/finalize,api_symbol,gmsh/finalize,所有代码、API 调用和正文标识语境均保留英文。,Gmsh API 标识符；使用时必须保持原拼写。,approved,two-independent-reviews-accepted,not-required-by-term-policy,4.15.2,1,788bf64045303adf69ea3f3b83dc7dc76bb56440d1f9f8dc7c23bf3b85eb7b92,doc/texinfo/api.texi,Namespace gmsh,curated-evidence-v1
term-v1-003,term-v1-bb800069217ed1d3188949e06666f2e7aabb28c597a5fe28aad9c60af26c4954,gmsh/open,gmsh/open,api_symbol,gmsh/open,所有代码、API 调用和正文标识语境均保留英文。,Gmsh API 标识符；使用时必须保持原拼写。,approved,two-independent-reviews-accepted,not-required-by-term-policy,4.15.2,1,f7d12d533206a9bfac4c85227e684341b976f59099d02a3b06caf82443e6ddb8,doc/texinfo/api.texi,Namespace gmsh,curated-evidence-v1
term-v1-004,term-v1-52d28f3a7e0dda756d1cda4cd7cadbd9f95e5fbbc7a6774cc9ee54d0208a883d,gmsh/merge,gmsh/merge,api_symbol,gmsh/merge,所有代码、API 调用和正文标识语境均保留英文。,Gmsh API 标识符；使用时必须保持原拼写。,approved,two-independent-reviews-accepted,not-required-by-term-policy,4.15.2,1,665c2ce83b8b08ddcc3bac91d9937ab54a70c92d9e39c3482d0232418caffac0,doc/texinfo/api.texi,Namespace gmsh,curated-evidence-v1
term-v1-005,term-v1-c26135f53086206e0771809a9b7798c2354f05665338dbf858d46ed8f8f698fc,gmsh/write,gmsh/write,api_symbol,gmsh/write,所有代码、API 调用和正文标识语境均保留英文。,Gmsh API 标识符；使用时必须保持原拼写。,approved,two-independent-reviews-accepted,not-required-by-term-policy,4.15.2,1,aad5e0f2cf5f7ef48b0711248b4b68089a686ba572e58715ac22d140dc40f3e2,doc/texinfo/api.texi,Namespace gmsh,curated-evidence-v1
term-v1-006,term-v1-8f8d8345b3dfcaca151c94624c749188ad46e596caabebedd45938e139fe6f3c,gmsh/clear,gmsh/clear,api_symbol,gmsh/clear,所有代码、API 调用和正文标识语境均保留英文。,Gmsh API 标识符；使用时必须保持原拼写。,approved,two-independent-reviews-accepted,not-required-by-term-policy,4.15.2,1,a3ecb38430d4502cf15d227a4043dacd41ec9114faf7a21cb5b5decad0654fa5,doc/texinfo/api.texi,Namespace gmsh,curated-evidence-v1
term-v1-007,term-v1-b43a5dad24bfef878a2bb2bfe754871ed0965a73edf0907cc531f82f47d642e9,gmsh/isInitialized,gmsh/isinitialized,api_symbol,gmsh/isInitialized,所有代码、API 调用和正文标识语境均保留英文。,Gmsh API 标识符；使用时必须保持原拼写。,approved,two-independent-reviews-accepted,not-required-by-term-policy,4.15.2,1,a5a894e0d9475a5a040363771ffde935846d1a0ac1a412909ac2d62d0300412b,doc/texinfo/api.texi,Namespace gmsh,curated-evidence-v1
term-v1-008,term-v1-a3a61038b52b2775ee890a5b5f7abaaec4d0c0935aca22735a8accda847fbfbf,gmsh/model/add,gmsh/model/add,api_symbol,gmsh/model/add,所有代码、API 调用和正文标识语境均保留英文。,Gmsh API 标识符；使用时必须保持原拼写。,approved,two-independent-reviews-accepted,not-required-by-term-policy,4.15.2,1,c87821ba0d6bbfd6c0ca281dccda7f97246b6f75af346e23339d9b228d4382f6,doc/texinfo/api.texi,Namespace gmsh/model,curated-evidence-v1
term-v1-009,term-v1-c9e5645e2daa9b99a59f2d07af8f0acd72f9a91b0870fa1e02c48c5264a14a7c,gmsh/model/remove,gmsh/model/remove,api_symbol,gmsh/model/remove,所有代码、API 调用和正文标识语境均保留英文。,Gmsh API 标识符；使用时必须保持原拼写。,approved,two-independent-reviews-accepted,not-required-by-term-policy,4.15.2,1,f266c5fefa4dab89edd75c1bd04df1449625e2a289dff167b3670b54322cddae,doc/texinfo/api.texi,Namespace gmsh/model,curated-evidence-v1
term-v1-010,term-v1-8279a3de59f9eb201d5f8dffcedfcbfabe65297cdb3071d1b459ef548566afa1,gmsh/model/list,gmsh/model/list,api_symbol,gmsh/model/list,所有代码、API 调用和正文标识语境均保留英文。,Gmsh API 标识符；使用时必须保持原拼写。,approved,two-independent-reviews-accepted,not-required-by-term-policy,4.15.2,1,5317b2e35d396ff289a541a9652e8fd86892b35d05c507def8ddc2ce66b60865,doc/texinfo/api.texi,Namespace gmsh/model,curated-evidence-v1
term-v1-011,term-v1-fb76e4bd0ba8903dde4a1d845a0673ae2d7297c6915003745014fdc5911d856a,gmsh/model/getCurrent,gmsh/model/getcurrent,api_symbol,gmsh/model/getCurrent,所有代码、API 调用和正文标识语境均保留英文。,Gmsh API 标识符；使用时必须保持原拼写。,approved,two-independent-reviews-accepted,not-required-by-term-policy,4.15.2,1,ebe1233fa5f9c89daa80f6b678e25c2d536a20bed0adf1f92d7aca8f0c6db496,doc/texinfo/api.texi,Namespace gmsh/model,curated-evidence-v1
term-v1-012,term-v1-012bb45d10543df7612cf8d41f59dd567c48c6f5a99ab57565bc36051474a615,gmsh/model/setCurrent,gmsh/model/setcurrent,api_symbol,gmsh/model/setCurrent,所有代码、API 调用和正文标识语境均保留英文。,Gmsh API 标识符；使用时必须保持原拼写。,approved,two-independent-reviews-accepted,not-required-by-term-policy,4.15.2,1,8911311db559b0e8caabd3676b4a4964472f031ec60973cac9c417abd2dd3345,doc/texinfo/api.texi,Namespace gmsh/model,curated-evidence-v1
term-v1-013,term-v1-2c13a5f9d0f6686c237b38cf2f355d96d0c031288a613156f971a0308439dbac,gmsh/model/getEntities,gmsh/model/getentities,api_symbol,gmsh/model/getEntities,所有代码、API 调用和正文标识语境均保留英文。,Gmsh API 标识符；使用时必须保持原拼写。,approved,two-independent-reviews-accepted,not-required-by-term-policy,4.15.2,1,f6f3924f3cf09fff306a4e08c07545589ae7817ee1ea95c959819e3666d071e9,doc/texinfo/api.texi,Namespace gmsh/model,curated-evidence-v1
term-v1-014,term-v1-ab44d04d5ff6b435fe710668f8e37243b264ebb224ec63acd3bb3a90938fad11,gmsh/model/getEntityType,gmsh/model/getentitytype,api_symbol,gmsh/model/getEntityType,所有代码、API 调用和正文标识语境均保留英文。,Gmsh API 标识符；使用时必须保持原拼写。,approved,two-independent-reviews-accepted,not-required-by-term-policy,4.15.2,1,2ed3881a34550555e1889d9c0c84ffef005dd3183cc8459b5d8d9d4a70529c4f,doc/texinfo/api.texi,Namespace gmsh/model,curated-evidence-v1
term-v1-015,term-v1-a5888fa0efca4ccc36be08f7ad61f52f6310e879a32564aa7ddc70329aed4cc2,gmsh/model/getBoundary,gmsh/model/getboundary,api_symbol,gmsh/model/getBoundary,所有代码、API 调用和正文标识语境均保留英文。,Gmsh API 标识符；使用时必须保持原拼写。,approved,two-independent-reviews-accepted,not-required-by-term-policy,4.15.2,1,2c143de199839a10708c1934440418ec478ab4b6e22f271c15b13b8376228119,doc/texinfo/api.texi,Namespace gmsh/model,curated-evidence-v1
term-v1-016,term-v1-90fddfbdf881131b5a459be8411f81792a18656e60c196dd84d31505de45608d,gmsh/model/addPhysicalGroup,gmsh/model/addphysicalgroup,api_symbol,gmsh/model/addPhysicalGroup,所有代码、API 调用和正文标识语境均保留英文。,Gmsh API 标识符；使用时必须保持原拼写。,approved,two-independent-reviews-accepted,not-required-by-term-policy,4.15.2,1,13fced8262dcd52b6b55f4716b799a7684bd413767b2f01aa0fb58fe75904ec9,doc/texinfo/api.texi,Namespace gmsh/model,curated-evidence-v1
term-v1-017,term-v1-f668472c38276252ec393354abd31a9ce98f92ea4192de877728c8afc969d691,gmsh/model/removePhysicalGroups,gmsh/model/removephysicalgroups,api_symbol,gmsh/model/removePhysicalGroups,所有代码、API 调用和正文标识语境均保留英文。,Gmsh API 标识符；使用时必须保持原拼写。,approved,two-independent-reviews-accepted,not-required-by-term-policy,4.15.2,1,73efc64d09332b0a7e124e061f33b68271ae34806fce13538d7fabfc24a28f46,doc/texinfo/api.texi,Namespace gmsh/model,curated-evidence-v1
term-v1-018,term-v1-91006697cf245449f5f211b4ed433feb4f233fe9f24800e1622c6e05e5736371,gmsh/model/getPhysicalGroups,gmsh/model/getphysicalgroups,api_symbol,gmsh/model/getPhysicalGroups,所有代码、API 调用和正文标识语境均保留英文。,Gmsh API 标识符；使用时必须保持原拼写。,approved,two-independent-reviews-accepted,not-required-by-term-policy,4.15.2,1,81469c4df24392c7cfa7b789c33d54cb5a7627cfd1a1c0de4b166edacbe50f59,doc/texinfo/api.texi,Namespace gmsh/model,curated-evidence-v1
term-v1-019,term-v1-b23bafd1659f49500b76c5e34560afc8359ad511173d0672fb3a57bdf1290d03,gmsh/model/getEntitiesForPhysicalGroup,gmsh/model/getentitiesforphysicalgroup,api_symbol,gmsh/model/getEntitiesForPhysicalGroup,所有代码、API 调用和正文标识语境均保留英文。,Gmsh API 标识符；使用时必须保持原拼写。,approved,two-independent-reviews-accepted,not-required-by-term-policy,4.15.2,1,1aeb5956e16678bd88d96076a2a47b5150cdeb0fb66af11f28069b76e562fc03,doc/texinfo/api.texi,Namespace gmsh/model,curated-evidence-v1
term-v1-020,term-v1-4f4b81685615999c107bec7d068e7e20bfd3878acf42f4f52e66b1a5523d9fe5,gmsh/model/setPhysicalName,gmsh/model/setphysicalname,api_symbol,gmsh/model/setPhysicalName,所有代码、API 调用和正文标识语境均保留英文。,Gmsh API 标识符；使用时必须保持原拼写。,approved,two-independent-reviews-accepted,not-required-by-term-policy,4.15.2,1,8f97ac2e19905e64f4c17b5703e43211a96f6a36ec2842f4d6ddf31c0ed4c2f1,doc/texinfo/api.texi,Namespace gmsh/model,curated-evidence-v1
term-v1-021,term-v1-86f6fae24950f7b0865cfaa3ff367f4d3853fa890e446e85b0cfe54c25379b94,gmsh/model/getPhysicalName,gmsh/model/getphysicalname,api_symbol,gmsh/model/getPhysicalName,所有代码、API 调用和正文标识语境均保留英文。,Gmsh API 标识符；使用时必须保持原拼写。,approved,two-independent-reviews-accepted,not-required-by-term-policy,4.15.2,1,0d5bb7a29b138e0aaa85b42dffb196026e47428a3da19dd9cdb73dd7d995c0b3,doc/texinfo/api.texi,Namespace gmsh/model,curated-evidence-v1
term-v1-022,term-v1-30acaa4957c415fe9324a6bfb20d91ffbdd50536f43ef611a9b2c458819ad2bb,gmsh/model/getDimension,gmsh/model/getdimension,api_symbol,gmsh/model/getDimension,所有代码、API 调用和正文标识语境均保留英文。,Gmsh API 标识符；使用时必须保持原拼写。,approved,two-independent-reviews-accepted,not-required-by-term-policy,4.15.2,1,0fe2ae331144baa5fd15a7e5b04f2cdc7a1c8273eff4ce7e3ad41dabb5a0118a,doc/texinfo/api.texi,Namespace gmsh/model,curated-evidence-v1
term-v1-023,term-v1-7bdb6aee6288d2e509af5fbc23176ec7cf5a6e636de4916b375f969dcebc94b6,gmsh/model/mesh/generate,gmsh/model/mesh/generate,api_symbol,gmsh/model/mesh/generate,所有代码、API 调用和正文标识语境均保留英文。,Gmsh API 标识符；使用时必须保持原拼写。,approved,two-independent-reviews-accepted,not-required-by-term-policy,4.15.2,1,394f3b7fdab9dcdd9732bc0e982f24e091cf35cbf6587f56345aceab01a9e468,doc/texinfo/api.texi,Namespace gmsh/model/mesh,curated-evidence-v1
term-v1-024,term-v1-6f11031949a94351dc244efbaf5d997eaa53a097c9eb76e4f2528ac2f5ad0af4,gmsh/model/mesh/clear,gmsh/model/mesh/clear,api_symbol,gmsh/model/mesh/clear,所有代码、API 调用和正文标识语境均保留英文。,Gmsh API 标识符；使用时必须保持原拼写。,approved,two-independent-reviews-accepted,not-required-by-term-policy,4.15.2,1,15654cff25779627116b385a8a9cb657912cd03134ac54b154c98dcd10ffa3b9,doc/texinfo/api.texi,Namespace gmsh/model/mesh,curated-evidence-v1
term-v1-025,term-v1-7c4668bcf3fea42fab9148ba02cb813d590132a954d90322cbf464c7fbe96d56,gmsh/model/mesh/getNodes,gmsh/model/mesh/getnodes,api_symbol,gmsh/model/mesh/getNodes,所有代码、API 调用和正文标识语境均保留英文。,Gmsh API 标识符；使用时必须保持原拼写。,approved,two-independent-reviews-accepted,not-required-by-term-policy,4.15.2,1,7acaaa50dc37cd05ec52f6c9dc366d3b4f0c89dca8324c7d6a9560916006b562,doc/texinfo/api.texi,Namespace gmsh/model/mesh,curated-evidence-v1
term-v1-026,term-v1-6fe7c87e764d5d37d8c36fa7d567cc575cc74c7f2f8f75af3735da71733683af,gmsh/model/mesh/getElements,gmsh/model/mesh/getelements,api_symbol,gmsh/model/mesh/getElements,所有代码、API 调用和正文标识语境均保留英文。,Gmsh API 标识符；使用时必须保持原拼写。,approved,two-independent-reviews-accepted,not-required-by-term-policy,4.15.2,1,000c9d1705454425d9e3263fa890c3579882871c9dffec61dc39198d58520fa8,doc/texinfo/api.texi,Namespace gmsh/model/mesh,curated-evidence-v1
term-v1-027,term-v1-0ac717a9b66f2a5f0de57c4d6b866fbd534d9b3949c3e6a86a20c2ef4f1693e4,gmsh/model/mesh/getElementTypes,gmsh/model/mesh/getelementtypes,api_symbol,gmsh/model/mesh/getElementTypes,所有代码、API 调用和正文标识语境均保留英文。,Gmsh API 标识符；使用时必须保持原拼写。,approved,two-independent-reviews-accepted,not-required-by-term-policy,4.15.2,1,ea9b9670e69319dd9acd0c99170459c0789ed76c67146a9da466af7e27845860,doc/texinfo/api.texi,Namespace gmsh/model/mesh,curated-evidence-v1
term-v1-028,term-v1-d956e0f3799610002c12420315fc3b5d88445af4e99535c50b010a12f64d3c9e,gmsh/model/mesh/setSize,gmsh/model/mesh/setsize,api_symbol,gmsh/model/mesh/setSize,所有代码、API 调用和正文标识语境均保留英文。,Gmsh API 标识符；使用时必须保持原拼写。,approved,two-independent-reviews-accepted,not-required-by-term-policy,4.15.2,1,2a17acff9cd647a42ca4881400a36269002b0e24d56dda6d6973906823ead640,doc/texinfo/api.texi,Namespace gmsh/model/mesh,curated-evidence-v1
term-v1-029,term-v1-dac91e1d19dd083d721f493e66596d140b6a8c5282f237dbcfa2c613efe2345e,gmsh/model/mesh/refine,gmsh/model/mesh/refine,api_symbol,gmsh/model/mesh/refine,所有代码、API 调用和正文标识语境均保留英文。,Gmsh API 标识符；使用时必须保持原拼写。,approved,two-independent-reviews-accepted,not-required-by-term-policy,4.15.2,1,426e5d449d51a9c36a367f591892bded5c55b562c6603a75cff5597670607829,doc/texinfo/api.texi,Namespace gmsh/model/mesh,curated-evidence-v1
term-v1-030,term-v1-960dba993f2b2dfbd368989b44835bd1e72d528c175ce731c22e2b80b6cc504e,gmsh/model/mesh/optimize,gmsh/model/mesh/optimize,api_symbol,gmsh/model/mesh/optimize,所有代码、API 调用和正文标识语境均保留英文。,Gmsh API 标识符；使用时必须保持原拼写。,approved,two-independent-reviews-accepted,not-required-by-term-policy,4.15.2,1,2fc29d4b0f3b7475858df211b8ce566fa387b720313924e5fbb27063b216593e,doc/texinfo/api.texi,Namespace gmsh/model/mesh,curated-evidence-v1
term-v1-031,term-v1-9e2bf12453797a3e395ebee127cbc828f8949e625d0fc134afc0b30a9ab2db97,Point,point,script_command,点,脚本源码、语法示例、命令名和标识符中保留英文。,Gmsh 脚本命令；中文译法只用于说明其含义。,approved,two-independent-reviews-accepted,not-required-by-term-policy,4.15.2,46,041a17fc65aeed913a4d9fa798d82c8fb81295bef0c491abb1e434cd22ef6063 | 045a39fe91c9f45111b6f0325e37a787ca03191e8156ac6797d5457a1926cce0 | 08e6200a3e604d9652243e139b704bba33f5add07050730a168e0911d66b4ac2 | 0f07f4a1d8a746f7d0fa4a587fa84dba4b6b21eba601cb3342114c95c38927c2 | 12c13956ef972ed26cfa92285ba942536cee9a4d13b87fc6977ae980b76d18ab | 19a7dfa808500004b923023128821fb82fa43156a594a6cc55109540a2e8cdf1 | 19d2fcaad14a8fe357a726eb134c8c0c283ed02048123abc37718814ba809b7c | 1da1a80844bba5bbfe5891f8b9d5703957629ba7b0857a2d23b3fa782048b7bd | 1ee3d5c49720f6ee53aee07f33003ab000b917e636f53d966bbaa1f64742b63a | 224ced3ebc35fcb0f4ec575054411db9fff8538038906c358014f5d8a8b7ecf0 | 3c9eabdb8343737d9775d55eb3f72c55a25aa908a97fe9d1ed3a25b99eadc985 | 416b0041b752004fb16b43f6ce384584a88f371df3cd0f0efeda8f67f9bcef68 | 4b19cd7d3dc97e06db9ca9690a368b6a70e1a82388becbaa46c28b14a18c7c81 | 4c5ee0f05d1f5b3f95f5b8d26bc3aa98688caa09b28fcca56c88b8e1c2f626c1 | 4e453562509f23c789f17598c69715e1258cfd3c554590e19f2621c48dfd99a8 | 4ef5ccbe2ba947c8facd6756d54c9295a189bf44404a988cb3ac305c42115b66 | 51be5cf268a838e9ee54bee3600b415248f65fec5b239a8250fbe773d9e60af9 | 585fadfd2917c0731fba949ba7eea6c5d4c461b1741e81d300efd988a2785430 | 5e91f089f4334684dd0bee2131f2d9effdd2e31fc8f75f7fba7a2915aeddb6ba | 677c4465f070d40a52ce1739c3b74a6871cfe6e9444f44d47c7d743f38bec280 | 687371dc8f7c452eaa877a8ef6bc107f4dd45859e8eb8ad03e1340c14228c715 | 6bf984122c6e72298c388eefe5c98914c3d88add71c9e220797a73e5b332befc | 6e32cae673d0ba492ee3f2ae30d6deea3fa3498fc98682583baa71e6bd088182 | 70885960adc9b9829af2da6ff2801f8be5e27392e64caba5f3cd429d38dba29d | 72e4ab0b607337f25a4923d299897fce20c1e7fb9dbe98d7b24e6f5fa4835b21 | 7b63a1aec244f5dfbd874f2e2a76497a2f947b9c3a43608c89aa0a0159762571 | 825b678d66d75f6b3118689ba626e1823c0d6dd0ae06b9169034428ce31192f2 | 8744dd08d1b6058ef47f74ea5ce4af8484dc8643062c59d9c2a61bc009afe993 | 8ef6b8b53e9db3874c5918082a5c4233f5c19550a04226091c9cac4783a46e8e | 917babe9f035de4724b6d16d85abc944695e5b7fa47282e450e5e33783a5e78d | 9543d3b67f985c15177e1ba1214f4c87b966cc5a7856e42acdae8493c6060866 | a7742cc84f390e806671cdef7878473f46df68846939b85047b7b01783b1f3d8 | ab40fb1b7003b7f25b6c7e3eb7474c174f23b4c6bbfd7ce2b59e3d0d8be0213a | aba75bc9f3e2b725be7dd1e8b8ddd1b12812308adc15c54fb2dedce30270f6bc | ae544d498bd9848f8634dfea3cb362e924ce68fb342abd0eda56b0ef82d52e9c | b56c1ae7747961268cffd2878f46b6b79eceeec9b4dd967fe1b287c193ea04c5 | b7a331cc4641891e7e33a9f36140f44dc3f13de90be060094f7fe991dbbcb7a4 | bfc8db17fe4b769623bdb24828a18d3960fe202e35fdbe47b04fee7059f5c831 | c58a5ff5aeb6059bda657a0d89d8600d2ad5a9088c8fe178864b7addfe5c581d | cbd242b7462331e1c248bbff0d361a46bf366cb6bab125e80ecc42518a4540e1 | cd4c9b34b57d743089f75fc7f72afe888e2f68a588016bf37c118eafb33a1846 | d1b253829e60b765b6292e107fb99ebfc0d0f526c0bb80c8847196a1afa65c1d | d51f160b55ef061ae3f48b71e3e0ab850a57acd7dd6fa1d459fa01d6d43a2f3b | d9d301b16ab059d8680723d501ae8a2e85cc438dc29b11812654159f9d832d0d | e02631bba02b7433f727fef5764ecbe747457a6ba55650e670d3982594a3a9f4 | f243d3778e4ee0a4efcceca3e4c23942fba0ca27cb3a0121cd4cc92b5acf9a4d,doc/texinfo/gmsh.texi,Boolean operations | Curves | Extrusions | Floating point expressions | Geometry scripting commands | Gmsh scripting language | Other general commands | Other geometry commands | Other mesh commands | Points | Post-processing scripting commands | String expressions | Surfaces | Transformations | Volumes,curated-evidence-v1
term-v1-032,term-v1-ffc2425adbfc02006091171b74c5d90d4099b44e1af224bae26e9680918516c5,Line,line,script_command,直线段,脚本源码、语法示例、命令名和标识符中保留英文。,Gmsh 脚本命令；中文译法只用于说明其含义。,approved,two-independent-reviews-accepted,not-required-by-term-policy,4.15.2,13,1b3728395220735758c4ab5da6fce71c894e494d3d491ea6a0515bab6ddea89f | 2872750e0840e08adc9a74c6adee1a2b9b82726a51fcf7b52b77599f6a63ba29 | 2f11c5a12f899ec8e81572346e8ba37c5002a64c2d32966046fc5721ed3b86ab | 4a8940d93c87daef62faa4ec35c65372dc8a7839b53eedef9e316e60cb907e86 | 59c244933ab3aed1f4c4515878ce968ff6677d88ee318426f575a44cd268907f | 619a12dc132fa33bcfb35256b4aab007a7d0e2d4c88724591e9312813d7cdc95 | 6bf984122c6e72298c388eefe5c98914c3d88add71c9e220797a73e5b332befc | 7214d453c340b8a51b2a45e6d3cc8a0fdb99a27f9b3524cca92c8671ddaa62ef | 88b6206f25ea1544735b7d0f5372c21fb325289174ab5c40983248824de9cec9 | b575bf6abc14ef887d6ab3603dedfd1787cfb2d6e3e03dcbb28458eeec9b483c | d4d1b4c984f256d7b3e6071a3a0cd26f1522dc33348a4dbeca1df33b42e67df7 | e4f11ad571893c628c46b7b3f076b07e6266ec9876a47360151917d9fae3a8e4 | faf4b76804c4e0ebcbf4f755f99e914113071d11136c6cfc7af5ae0d69dc2b8a,doc/texinfo/gmsh.texi,Comments | Curves | Floating point expressions | Geometry scripting commands | Mesh scripting commands | Other general commands | Post-processing scripting commands | String expressions | Structured grids | User-defined macros,curated-evidence-v1
term-v1-033,term-v1-e59ecd10dc5a4d5875319fcc881bc8a7bfe23306d173f5fe9fae954d71b79502,Circle,circle,script_command,圆弧,脚本源码、语法示例、命令名和标识符中保留英文。,Gmsh 脚本命令；中文译法只用于说明其含义。,approved,two-independent-reviews-accepted,not-required-by-term-policy,4.15.2,3,3c91cc63197a3e3540e557b908844a57ee72cec7194695ec057e240855384e25 | 6bf984122c6e72298c388eefe5c98914c3d88add71c9e220797a73e5b332befc | ae544d498bd9848f8634dfea3cb362e924ce68fb342abd0eda56b0ef82d52e9c,doc/texinfo/gmsh.texi,Curves | Geometry scripting commands,curated-evidence-v1
term-v1-034,term-v1-e91fd1bcbf3992ffab6caf2c355d6bb5301dcd5f42498b9195064c4e3332677d,Spline,spline,script_command,样条曲线,脚本源码、语法示例、命令名和标识符中保留英文。,Gmsh 脚本命令；中文译法只用于说明其含义。,approved,two-independent-reviews-accepted,not-required-by-term-policy,4.15.2,5,3685bb8222145468535ab9d8d60f2477294edd164b573f4758e0b51fb4510d29 | 55c05547fa09ea990ee4bb26995343e35cef6f7d1a15ba582d639b4023ff81ca | 6bf984122c6e72298c388eefe5c98914c3d88add71c9e220797a73e5b332befc | b1c70a8aa66a205486efcc0fbdfe5b8777f81159938a126eaf96ca03f3d88ade | bb1b4c72abdc2b53ae065573f56c167eb51a3ff6dedd84a00384dc68a9d067d0,doc/texinfo/gmsh.texi,Curves | Geometry scripting commands,curated-evidence-v1
term-v1-035,term-v1-85b06ed0ad5e778039dc6765826c891454d701d1dc2513f520f3940258c891a7,Surface,surface,script_command,曲面,脚本源码、语法示例、命令名和标识符中保留英文。,Gmsh 脚本命令；中文译法只用于说明其含义。,approved,two-independent-reviews-accepted,not-required-by-term-policy,4.15.2,57,02acf98b86ed08f6dbb81485635a2de397ee2146ca1f813082dee017b6b8c438 | 05b527618f9ef636e6cb00cc502a677460a52f181ee5c3dec5cac16aa0409fe5 | 08e6200a3e604d9652243e139b704bba33f5add07050730a168e0911d66b4ac2 | 0f07f4a1d8a746f7d0fa4a587fa84dba4b6b21eba601cb3342114c95c38927c2 | 114d5d71296c6ad89cf0248e38989b230549aaedfb3fa6f39fb6f09d7cef7759 | 12c13956ef972ed26cfa92285ba942536cee9a4d13b87fc6977ae980b76d18ab | 14c4d27a72d97536c042e575b3e3c4fa874bf8763a5b81874a3583c8107fc03c | 15c7e8a14f810769e3e47b6c160d668ebbbdcf0e79d3915faa0c42dbe85d301e | 16fb29e74f13d08c85cd6ae42c4d5025d731ee53f0c843e776a8b4b80fd33bbf | 2178088e0dc807003e1b79b36ae541321e1b07b212132881a6fbf79a121f6d49 | 21b5835d6c4587d6127ef4d0be6bfa446af085057ac8646f017351948f59a669 | 31ba7fad432c275dbeebb242b05904c698f68d169f27a5b7a1cc4fbabc998f05 | 4b19cd7d3dc97e06db9ca9690a368b6a70e1a82388becbaa46c28b14a18c7c81 | 4c5ee0f05d1f5b3f95f5b8d26bc3aa98688caa09b28fcca56c88b8e1c2f626c1 | 51be5cf268a838e9ee54bee3600b415248f65fec5b239a8250fbe773d9e60af9 | 585fadfd2917c0731fba949ba7eea6c5d4c461b1741e81d300efd988a2785430 | 5e91f089f4334684dd0bee2131f2d9effdd2e31fc8f75f7fba7a2915aeddb6ba | 677c4465f070d40a52ce1739c3b74a6871cfe6e9444f44d47c7d743f38bec280 | 687371dc8f7c452eaa877a8ef6bc107f4dd45859e8eb8ad03e1340c14228c715 | 697149dfeff6d988e69dc1bddfbbeb2a5342a393e7c9444f353d1a9092baa827 | 6bf984122c6e72298c388eefe5c98914c3d88add71c9e220797a73e5b332befc | 6c27d7aab3f29a9453d4b004e35ad7ba4fcf0bf984e283e3f77b84b0216da441 | 6d03037b8ffd728ebe998cebae622bd58a4e3548c5047f7753a38f0daa4840d7 | 78fbd6eb7d20a76c529c656e3d4191641f2504064c2f4b0f9144034c7608a87a | 81defe47d83064ac042ba9daea720468ab7318fe571526decec5fc5051b3f055 | 825b678d66d75f6b3118689ba626e1823c0d6dd0ae06b9169034428ce31192f2 | 8744dd08d1b6058ef47f74ea5ce4af8484dc8643062c59d9c2a61bc009afe993 | 8a795cd55b377b71d398647d94b9138a72ce7b555965146c56b925061a4bb560 | 98522792c6810fe66b6d528a3f5d68e7bd3cce86560f9d3599295ac06d14621d | 99e504043dda6311309de6c4f5a102eb40d05e013f1c3fb3e5078312fff83db5 | 9ae1f95ce2e5568a697bfee9f1218ab4c1da3b2446d4cd7d0499178c05c9f686 | a59efdbda81ec8eaef9ad0870add34d4f5cd8ba0f94e2f28bf1a3ae94c31cfc8 | a8749a1a10f73dd7f4071a8f1a790d78cf76eceaffc5f9a151ceb0ff764f0046 | a87bc77b6d6d4e570bf3090d4d4743c839dd6c3915df6ad2386f827e23aa25c4 | a9040fe58df0194d2f37d958715d78012cab937b26ba546d1b45c77a9c4a21ec | ab40fb1b7003b7f25b6c7e3eb7474c174f23b4c6bbfd7ce2b59e3d0d8be0213a | ac0d3ebfc43067dbc39b7d98caf5294eef98d71e4633d317f88964742656f955 | afee9a92fab01aa503a7fd1f286ab7ea34a70ab74c870a75fc4e5da0ca4dee7c | b23e9a876556522613dafec25fd2294fa863e73a8a9a1f64701b91e793c9f4f6 | b62508ffda6aa6aa46ddabf3f7f376cd3b51318502166aae065289f55723885e | b7a331cc4641891e7e33a9f36140f44dc3f13de90be060094f7fe991dbbcb7a4 | bf5c6d0ff4fca2647f266f61de11600ed806dfe61cef919739321bc4f0bce90e | c745ee730de4b40fbce36f28761bc692ac091c99c6d7b4aed8a87a4e6cc331b3 | ca4c8658f102c51d51ae8c1801cfc38ce76c33cb29c251da4d7fdea840fa5627 | cbd242b7462331e1c248bbff0d361a46bf366cb6bab125e80ecc42518a4540e1 | d2706c68f633ea59f9e5db55a64b9b5963c711d30ad1d9b7a3aad97ed48cfd49 | d9d301b16ab059d8680723d501ae8a2e85cc438dc29b11812654159f9d832d0d | dd8604ef146dc2bf9e2e571192cd00f58225ce5d14e9700b69802d8e646bc40e | debbef0fa9767095db04fa639267ae3ec7878ac1174bf3b8f599beafc98f6ece | df5712e1090437b76701be13d90fea0a677d37ea791bfbfbf9bba291f212bf0a | e0ec3975aef151682c12e8d73b342a0883590191989deae23fa9c8c0f3b9612c | e155c6fd0b34bf632a57e405cadbf112383f793630858940b2335c9a832fb902 | e45ce5317076770c6b0e6fe6c81e7ac63259f59638de19d785f809295b363784 | f243d3778e4ee0a4efcceca3e4c23942fba0ca27cb3a0121cd4cc92b5acf9a4d | f55f9a64bbe12b233ca2019fa25e268bf8cf12082ddec29b9b6ad8940e07fd70 | f92ec7e33fae133a3b638fc6f68d8dbce7af9c9a361a749434e22874294da952 | fe9210d979bde087e7024db52db4dc8e648b69cb8a96a0f2703563d6560e23d3,doc/texinfo/gmsh.texi,Extrusions | Floating point expressions | Geometry scripting commands | Gmsh scripting language | Other general commands | Other geometry commands | Other mesh commands | Structured grids | Surfaces | Transformations | Volumes,curated-evidence-v1
term-v1-036,term-v1-1c80b2c5d80e64de655b87f27ca3b61b9d6bbd7d3425d954a5fccf1d23c927a4,Volume,volume,script_command,体,脚本源码、语法示例、命令名和标识符中保留英文。,Gmsh 脚本命令；中文译法只用于说明其含义。,approved,two-independent-reviews-accepted,not-required-by-term-policy,4.15.2,23,1413208b22b85b916bca4935a763f455b4aac48cb0d4519387fa9ed761479828 | 3e061cb4077f152511f9f8e5c36d6753bcc5bd9c8911b4e38c602f7948d53403 | 4c5ee0f05d1f5b3f95f5b8d26bc3aa98688caa09b28fcca56c88b8e1c2f626c1 | 677c4465f070d40a52ce1739c3b74a6871cfe6e9444f44d47c7d743f38bec280 | 687371dc8f7c452eaa877a8ef6bc107f4dd45859e8eb8ad03e1340c14228c715 | 6bf984122c6e72298c388eefe5c98914c3d88add71c9e220797a73e5b332befc | 825b678d66d75f6b3118689ba626e1823c0d6dd0ae06b9169034428ce31192f2 | 8744dd08d1b6058ef47f74ea5ce4af8484dc8643062c59d9c2a61bc009afe993 | 89090924d3076d7db9acee709551950de4b694f1bb8e482d69eba255ae4810f1 | 9707ea408b233dc3cd1f9b9e24832ecc9dc5d1860f568ab0f7498782c95a2238 | a8749a1a10f73dd7f4071a8f1a790d78cf76eceaffc5f9a151ceb0ff764f0046 | ab40fb1b7003b7f25b6c7e3eb7474c174f23b4c6bbfd7ce2b59e3d0d8be0213a | b7a331cc4641891e7e33a9f36140f44dc3f13de90be060094f7fe991dbbcb7a4 | bf5c6d0ff4fca2647f266f61de11600ed806dfe61cef919739321bc4f0bce90e | c32cfcf27cb1ca15081c9b581982ff7e4437a3869abdf65c56ae3a9fe97d5721 | cbd242b7462331e1c248bbff0d361a46bf366cb6bab125e80ecc42518a4540e1 | cfb1f501f33369cb111e6ac814a1e7e4f26582580e04fb7b27d3415e617ca451 | d9d301b16ab059d8680723d501ae8a2e85cc438dc29b11812654159f9d832d0d | e4e30ca66c497cd4456f76bff7bbaeb53a672887a0652b79a2f64e5e50ab9e33 | e8f3915a566fd4551f318c061a3de84871f561a81fe6a607acacf63fbf141fe3 | f243d3778e4ee0a4efcceca3e4c23942fba0ca27cb3a0121cd4cc92b5acf9a4d | f53a19a16114edef6f4c8eb380d90b3e545f01d817c59b8483ca0f148610b7f4 | f9590dfbf3d10553c1b4bf78326330817ce5cc7dc37177744ff2ecc0b3e5b0b7,doc/texinfo/gmsh.texi,Geometry scripting commands | Gmsh scripting language | Other general commands | Other geometry commands | Other mesh commands | Structured grids | Volumes,curated-evidence-v1
term-v1-037,term-v1-ff3a76d8f928f61a4871ad5d8cee663d6de347dfabf850e85b8deec5d4cca79b,Physical,physical,script_command,物理组,脚本源码、语法示例、命令名和标识符中保留英文。,Gmsh 脚本命令；中文译法只用于说明其含义。,approved,two-independent-reviews-accepted,not-required-by-term-policy,4.15.2,29,19a7dfa808500004b923023128821fb82fa43156a594a6cc55109540a2e8cdf1 | 19d2fcaad14a8fe357a726eb134c8c0c283ed02048123abc37718814ba809b7c | 289ab25faf789a5e06e198d136bc67a008124875865cf011b1169cb3660f631a | 2f576e4288e4eba5772d5402bf404feef6dc5e68a9962c5cc1343fc5fd2e391f | 3e061cb4077f152511f9f8e5c36d6753bcc5bd9c8911b4e38c602f7948d53403 | 40957ad18442b45da3faddd3c8479204334dcd0d68e340fc10fec43e88357e77 | 561bb02986b619d6092a6ec7f37f3045883354fed1d7c7099b494be0d8d43e11 | 5aa3edb1951a5d38aeb598d7bbb3127fa54d979414c312f85f215089542aa952 | 5b5e97e579ae909926e0940604d0aa336469488763f664ab403118f67cd44b80 | 677c4465f070d40a52ce1739c3b74a6871cfe6e9444f44d47c7d743f38bec280 | 687371dc8f7c452eaa877a8ef6bc107f4dd45859e8eb8ad03e1340c14228c715 | 6aa3b822b520ac28c14a8de3b54888e267f7cfa5c5bb451f4880f51542bce77a | 75096257cfbca16e1362f3f445d8352bc92e5f7fee2dfe916515cd495365af0a | 78fbd6eb7d20a76c529c656e3d4191641f2504064c2f4b0f9144034c7608a87a | 7d5285dee4c8c0ae7818a3a932f89a2c85c8a90ceea9a2a0a060c17feb36bff3 | 825b678d66d75f6b3118689ba626e1823c0d6dd0ae06b9169034428ce31192f2 | 8b8dcb9eb91e2f105d846604d33d351dbe2a6ba678d5f86f5d99a30c61bc2c11 | 8ef6b8b53e9db3874c5918082a5c4233f5c19550a04226091c9cac4783a46e8e | 9707ea408b233dc3cd1f9b9e24832ecc9dc5d1860f568ab0f7498782c95a2238 | 98522792c6810fe66b6d528a3f5d68e7bd3cce86560f9d3599295ac06d14621d | a7742cc84f390e806671cdef7878473f46df68846939b85047b7b01783b1f3d8 | ab40fb1b7003b7f25b6c7e3eb7474c174f23b4c6bbfd7ce2b59e3d0d8be0213a | b1bf2ab4966ba3a6ca3b24adcc09e2458a8275de543f3f1134c666300ca37cdf | cbd242b7462331e1c248bbff0d361a46bf366cb6bab125e80ecc42518a4540e1 | d9d301b16ab059d8680723d501ae8a2e85cc438dc29b11812654159f9d832d0d | e448ca0c07399b3cebc5bfd89bcd5bc371db698a060eebcbcb1fd9e8d1fd375e | f243d3778e4ee0a4efcceca3e4c23942fba0ca27cb3a0121cd4cc92b5acf9a4d | f906077fae1cdfc8a3186b92531fd82b9eb740644274446e4c3b23ca5c7b4167 | fef38633ad038b0e1254601ee4f6675571d46d1e1a420c1d30e0538472b86a35,doc/texinfo/gmsh.texi,Curves | Floating point expressions | Gmsh scripting language | Other general commands | Other geometry commands | Other mesh commands | Points | Post-processing scripting commands | String expressions | Surfaces | Volumes,curated-evidence-v1
term-v1-038,term-v1-18325b204561454cef990d63b4d97c7fb2247a97322401250aab69bb6b5c5ca5,Mesh,mesh,script_command,网格生成,脚本源码、语法示例、命令名和标识符中保留英文。,Gmsh 脚本命令；中文译法只用于说明其含义。,approved,two-independent-reviews-accepted,not-required-by-term-policy,4.15.2,66,05b527618f9ef636e6cb00cc502a677460a52f181ee5c3dec5cac16aa0409fe5 | 099ae8a390c94604a5ffd71352ac1106668ed32e52aae83ea1867a0d976d9125 | 1001909a3cb3001a0332393a3f459a67d28636eae34e6c0e9b0b1db41a9d5a23 | 12c13956ef972ed26cfa92285ba942536cee9a4d13b87fc6977ae980b76d18ab | 1ee3d5c49720f6ee53aee07f33003ab000b917e636f53d966bbaa1f64742b63a | 1f943d0dbe1341b1cd36eafd00524d72e4486b4fcc4bc12edbe0e68d0d124662 | 2071f6cfaf06d5d900c5bf12db5fe8075288259d94ac1b60eb5cf4fa5cc7ba69 | 20f26b277efb246934f9e6d786a80bf71d2230c4c817dcbc0f2d16a2b4eeecc3 | 2178088e0dc807003e1b79b36ae541321e1b07b212132881a6fbf79a121f6d49 | 22af4ac99d6bba70e4f808d0c9666c2e923aeeec19e44f12202bf2386c708d57 | 2958a6a75077677d344980f27d76adf6d17d9f0bfa1387e8fe741b7b1a196f6d | 2e8514cf641b5bd361d2ca332e0705b6e96ebeed2a3a2e0450558f781c8c72bc | 2f9ed0e45f825bfeca4eae49be1fbb8020c8ab1b226ea346e96b90eae1b6d102 | 338d4de9bd33e9b58f3327a49524ef42c4cdf30b168302dfd4ebaef088a670a7 | 3642b76c65e8b271d706cbec8df15d5bcbf1653328c0c3a2cae6cc6a04f45cb3 | 36b11434907cf737d393a39492bc4c35f6ddd270ec279d0ae516a66f09cea3a8 | 378db03b2756ddfb34ce74538afd74c188e0a605303b451e19d399b4d5956d4d | 38f170f6cae78cf3806e7ace372487cbeb1e99cec138de5d6a3e1f6bf7c5ab6f | 416b0041b752004fb16b43f6ce384584a88f371df3cd0f0efeda8f67f9bcef68 | 44d768d2bad58765f6b80d951a273ebc07906073447e972dc8170c52c370134c | 462df4cf981bab4f2e3e56c4258f7c1adc667a4a859752fbcbf20445bd2bf2b5 | 4859e496a1e766c17d27aa479d9ccc5ee99608fb9e82cf8f7b20b44c59c44bf5 | 4a58d40544319f1d92e3646d5291525a818697cdca5ab8853e838954784db66d | 4a5cc3e8c540991695e174de6945e8f4c34e2bc016f98d28ad3ea82bcd508b1f | 4ed11cf8ab5206fa70ef4d327968b5a1d5056a4ee4c64edfc27b3eb2205a9122 | 4efc1fa7e275252f32edab542f640158857ea1b2ee9d238d1118db904185731b | 5195e339b882755ef29469e2e6703cdb65a5ffcc09bd1cea78e7684453852b80 | 59c244933ab3aed1f4c4515878ce968ff6677d88ee318426f575a44cd268907f | 5e1ec0d6a94c54e57af9b45804537ba1bb7d81339bc96e1ccabf741cc923db3b | 619a12dc132fa33bcfb35256b4aab007a7d0e2d4c88724591e9312813d7cdc95 | 61a896854d2628c42c259eb47d2c5c1a69165af6b0ad79dca57443eec104a9c9 | 61f0dfbe36dd2e6018c83bede32cf449892cce743a1847bb1e795c087e7f181b | 697149dfeff6d988e69dc1bddfbbeb2a5342a393e7c9444f353d1a9092baa827 | 6a127d4da855b17ad140b22aa0dd6727b01211f1557cda8362250fbcfb70b16a | 6ce9b54b858c4158e8f1e95b3d4efeecd3fb8a6b3cfb0af914f1a3bfc97e4100 | 75096257cfbca16e1362f3f445d8352bc92e5f7fee2dfe916515cd495365af0a | 77ac5b939ebe6ae0ca62e0caa929909bf8724e5b90e58e9dda5a44304c66565c | 78fbd6eb7d20a76c529c656e3d4191641f2504064c2f4b0f9144034c7608a87a | 790ee8caeb4bf07bc64408209df1d40dc0fac16876c9f617009cb755396a1a35 | 808dbd5cb89c95f7e9c8ae5e6e528bf25978a954b7b71bed6e7d7eac3e8a4e5d | 8815cd574cdbb21dcb9eb2ce7b75e8a91608e4422992265e8dade0ef4056af10 | 88eecda763dcf8c9e5b96c71ae5e32b8ef9bc0bdb4e8a89fa9fcc06ba58ef5f5 | 917babe9f035de4724b6d16d85abc944695e5b7fa47282e450e5e33783a5e78d | 955dbdbbf404df426a6c6c9b41c165bfcbcf916be83dcd9441b328375b4342c5 | a4faa80a51c0f521c8dabab7efa8785193aa48f60dc12bb7531ffa0009e4f40b | a9badabd50a24d89848743e1deff2e4ddf6d8dcbac7d4aac791fbf731f37f7bc | af9bdcc131938e013acefd5e343a9e7d0fea534804b98f0fd7287eeb43b65586 | b7a331cc4641891e7e33a9f36140f44dc3f13de90be060094f7fe991dbbcb7a4 | bd1bd5157fd617a0d1f1acbe0950d21acd0bf20b570494e3315f32c866a78a02 | c04f85528f490e919956e6079365fde7ba88d3997e506112ba25acf2447f0868 | c446196cd89b9fbe034a6aed1502ff906c6aa149348249a244cefdc6414c6985 | c4a3e8632d4edca1404867cf58019d9c3919a4fb324a86b9708575cbfeb33069 | c52b195ff55405f45e0d569b8b7b6026f79f410dd205464d5a07b89d6c12d5fa | c548fc6522bb0cbd14f882f5f97dbd0f3478c82730a2b37ac0c0a7634eb1d279 | cd91467aa13f526c7bd44da096daba69142c795d697ab2659ff3166792b2fcdd | cfb1f501f33369cb111e6ac814a1e7e4f26582580e04fb7b27d3415e617ca451 | d07747d890f1cd391648c1f67248a7bc0e49ce077602a61a300f1494e165f7fe | d40adafb55df169597dc1327fc1265ee43488fddf047def412f3cf5dcddd77b7 | dd8604ef146dc2bf9e2e571192cd00f58225ce5d14e9700b69802d8e646bc40e | e500f765ce97b4bdca9fd85a9d8d629d6d8e67fe03a13958b514c26570e10328 | ec9460fcb8eaf4e4a49be9e48f83f85bb571b64fb80f64121e2be27595af2b22 | f3c7a54eec0e0eff2ac9523fac696deb581ee9f2dc8d7d2143674d3092c2b685 | f527c2b0117a1d963fee846550492907150c1568f48bd3da6cb0a42c647845f4 | f55f9a64bbe12b233ca2019fa25e268bf8cf12082ddec29b9b6ad8940e07fd70 | f906077fae1cdfc8a3186b92531fd82b9eb740644274446e4c3b23ca5c7b4167 | ffc32b5cf4d8ce654827b6c716d1fee96e0a60cd433052b73b0cbfb5bd1f86b5,doc/texinfo/gmsh.texi,Curves | Extrusions | Gmsh scripting language | Mesh element sizes | Mesh scripting commands | Other general commands | Other mesh commands | Points | Post-processing scripting commands | Structured grids | Surfaces,curated-evidence-v1
term-v1-039,term-v1-a762e75b1936d407617e31243cc30f74abadaf5b11b7f269582b3fd4d39495e9,Delete,delete,script_command,删除,脚本源码、语法示例、命令名和标识符中保留英文。,Gmsh 脚本命令；中文译法只用于说明其含义。,approved,two-independent-reviews-accepted,not-required-by-term-policy,4.15.2,23,01c2042a1cdb310298b0ffc7720ea1b5f4f0292dd1734720fb3d73e61a88c769 | 1948eda10d206d04bee280e6045693f15d3164d8d6b1ae29b4bb73c8e13f3911 | 268028ceae4cbf59ed70b770e6789217156be273de9723b6d671ae7e9e637c00 | 294d497a9375bcb9ef293f46460ed6ecebc16fc970b9cb232f158554f023ab75 | 2aa3539f7f9be37666a2475eb6d81bb290e1dc483013e5c775f04c043c558874 | 3642c4fb91b2f06ef788445d6cf62df7dee235fce5a06561afe01d7a9ae432d2 | 5055da4eac819b68a4ab34b009d396887430f7b9ef945a120313798ee33dd778 | 53dc1fbed383bccc67c3976d48e762a4f0dfee52623e90283d3d5bfdd417ff4a | 6aa3b822b520ac28c14a8de3b54888e267f7cfa5c5bb451f4880f51542bce77a | 6bf984122c6e72298c388eefe5c98914c3d88add71c9e220797a73e5b332befc | 786b1ec1df6718492bcb95aae308f5b7764a3dc5beb8e8496ba96f3b9fac698f | 7b63a1aec244f5dfbd874f2e2a76497a2f947b9c3a43608c89aa0a0159762571 | 841cfecdeaf315c048721dcddb44c2ab086461224b1da65eae227909cbb7f154 | 8fd7be000a1c954a19363d578990b24a8501d8c06178c70a44c2beb96d259293 | 9134f321ed9e730746674b15fb8569a31fc037348ef475f0db2f1cd9d7017eb1 | 99afc1fdfaffc230d9e81b126e9d83550869877c278f118d89c0208d17fb91a1 | 9cb3a566b57cbd46adc4fc02b9e002cca335954ba17a102b7cbb67fc08aade8b | ab40fb1b7003b7f25b6c7e3eb7474c174f23b4c6bbfd7ce2b59e3d0d8be0213a | cbd242b7462331e1c248bbff0d361a46bf366cb6bab125e80ecc42518a4540e1 | cc0f717e9024463a2ac8c26274959f1419e49a9f1161faec9fb83cfd10239c11 | d2a3758d582522c4b61fd2ebdcae4bf4c2e57cb27c837868a0d4de362de8e061 | df9741b285b33f7ae30556fb4df45a5f5a54471e92650e22fb0a1330762c4d41 | f82b4d7da8131a645af582a237d1c3620953cfb53da655e5e9eb8a7e150db3ba,doc/texinfo/gmsh.texi,Boolean operations | Geometry scripting commands | Other general commands | Other geometry commands | Post-processing scripting commands,curated-evidence-v1
term-v1-040,term-v1-30c2060b7b7d4e0b7851c7e9f7d2fb0a5b93a3fd3cd2482c625cc08c62a1bab5,Coherence,coherence,script_command,几何一致性处理,脚本源码、语法示例、命令名和标识符中保留英文。,Gmsh 脚本命令；中文译法只用于说明其含义。,approved,two-independent-reviews-accepted,not-required-by-term-policy,4.15.2,3,15747811e1ad8b49488e12e2fd7ed1b337c8d761beeaa1565becc4889e94cba0 | 5055da4eac819b68a4ab34b009d396887430f7b9ef945a120313798ee33dd778 | c4a3e8632d4edca1404867cf58019d9c3919a4fb324a86b9708575cbfeb33069,doc/texinfo/gmsh.texi,Other geometry commands | Other mesh commands,curated-evidence-v1
term-v1-041,term-v1-9a9f3e3eb26b098674e24691abaf38fa6e64ed6e4dc2caaf07c3fdff09c9137a,Transfinite,transfinite,script_command,超限插值网格,脚本源码、语法示例、命令名和标识符中保留英文。,Gmsh 脚本命令；中文译法只用于说明其含义。,approved,two-independent-reviews-accepted,not-required-by-term-policy,4.15.2,11,5e91f089f4334684dd0bee2131f2d9effdd2e31fc8f75f7fba7a2915aeddb6ba | 619a12dc132fa33bcfb35256b4aab007a7d0e2d4c88724591e9312813d7cdc95 | 697149dfeff6d988e69dc1bddfbbeb2a5342a393e7c9444f353d1a9092baa827 | 6c27d7aab3f29a9453d4b004e35ad7ba4fcf0bf984e283e3f77b84b0216da441 | 6f9e1d639043f3ab2ee1687fd18bdb31ad6ad37c02a2a4ed9dc688339f1bfb68 | 89090924d3076d7db9acee709551950de4b694f1bb8e482d69eba255ae4810f1 | c0a28c461f1867c3563ac9aec9e2da3668436640c14c127454d01b94286167de | c446196cd89b9fbe034a6aed1502ff906c6aa149348249a244cefdc6414c6985 | cd91467aa13f526c7bd44da096daba69142c795d697ab2659ff3166792b2fcdd | e8f3915a566fd4551f318c061a3de84871f561a81fe6a607acacf63fbf141fe3 | f9590dfbf3d10553c1b4bf78326330817ce5cc7dc37177744ff2ecc0b3e5b0b7,doc/texinfo/gmsh.texi,Other mesh commands | Structured grids | Surfaces,curated-evidence-v1
term-v1-042,term-v1-d8acec2d5dc77bc15874b574f65c995a362315431770ec9e29bb357f0a63d696,Recombine,recombine,script_command,网格重组,脚本源码、语法示例、命令名和标识符中保留英文。,Gmsh 脚本命令；中文译法只用于说明其含义。,approved,two-independent-reviews-accepted,not-required-by-term-policy,4.15.2,4,5195e339b882755ef29469e2e6703cdb65a5ffcc09bd1cea78e7684453852b80 | 59ed2fd7893222c8141043b52eefdeac0ab257e44be9f7ccd6e6b6d070584eb4 | b23e9a876556522613dafec25fd2294fa863e73a8a9a1f64701b91e793c9f4f6 | f92ec7e33fae133a3b638fc6f68d8dbce7af9c9a361a749434e22874294da952,doc/texinfo/gmsh.texi,Other mesh commands | Structured grids,curated-evidence-v1
term-v1-043,term-v1-d117d21a92cdc0c6e7a3a3cfc50dab6a8b2ca9c1f7c2822d5f61c9e20970819a,Extrude,extrude,script_command,拉伸,脚本源码、语法示例、命令名和标识符中保留英文。,Gmsh 脚本命令；中文译法只用于说明其含义。,approved,two-independent-reviews-accepted,not-required-by-term-policy,4.15.2,22,041a17fc65aeed913a4d9fa798d82c8fb81295bef0c491abb1e434cd22ef6063 | 2261b883d1878068cc7060149cf541f4b82e0261024507c4625d9033609c68b4 | 2f9ed0e45f825bfeca4eae49be1fbb8020c8ab1b226ea346e96b90eae1b6d102 | 3102f84dab580d502c08affad2afa106d5772f4c552087708ae29010d7573cc8 | 38f170f6cae78cf3806e7ace372487cbeb1e99cec138de5d6a3e1f6bf7c5ab6f | 3dcf5e857a4a6222322af892d22ccd36df4609fbcb60af29977bcdcbe5cc0c9f | 4312f335d38dbde84af20f5f8da4bf6f7a6fd4ce766647acd4aa177d2506dbdc | 5aa6861dca192b5f4aa6615c2cee8d5963236de5eba2a7f223a688ce5addec05 | 61f0dfbe36dd2e6018c83bede32cf449892cce743a1847bb1e795c087e7f181b | 6f3f0e91f0d1162edc7597f694eb67eb6db4e86fbd947827c1b79045fd1ab784 | 83000b93f75d394e24d57d9de8f8770dbb4f324ecb6adc27218f7ac94e4fb4ad | 87fdc7576a296d8a49f668ba108314f2a99c0b1c9e4e0723c9c49424f4cfb5c1 | 88eecda763dcf8c9e5b96c71ae5e32b8ef9bc0bdb4e8a89fa9fcc06ba58ef5f5 | 99739a57bbe97f6b89b09bbdcd8e29d4e420269eeed4873f0456114ccfa7e09c | a0157836ad1e8c1a1e803e1d9989a16fb5ea1c09e773d1c2cefe1b1f5c131b63 | c3251d410fe6b0991789a2752d362cfcf3a047a6208ea1881da636f9d042fb33 | c745ee730de4b40fbce36f28761bc692ac091c99c6d7b4aed8a87a4e6cc331b3 | d07747d890f1cd391648c1f67248a7bc0e49ce077602a61a300f1494e165f7fe | d51f160b55ef061ae3f48b71e3e0ab850a57acd7dd6fa1d459fa01d6d43a2f3b | e02631bba02b7433f727fef5764ecbe747457a6ba55650e670d3982594a3a9f4 | e32d18b54b9aa1041db8b0eed24bd5e460997ba643c86643a14bbfbd82caf2ec | ecd3dafce304b67b9765c31be24e854b82a1315b8f140cc79ab3e7f613212638,doc/texinfo/gmsh.texi,Extrusions | Structured grids,curated-evidence-v1
term-v1-044,term-v1-3fca7b0b9b8326dc14f16c7830a2d8a9fe8828b17f3e7615e836d09225d24ca1,BooleanUnion,booleanunion,script_command,布尔并集,脚本源码、语法示例、命令名和标识符中保留英文。,Gmsh 脚本命令；中文译法只用于说明其含义。,approved,two-independent-reviews-accepted,not-required-by-term-policy,4.15.2,3,5642b24036f3df93712c056a7a7444b2e4b54e2084e2db3309b8872d2606082a | 6bf984122c6e72298c388eefe5c98914c3d88add71c9e220797a73e5b332befc | 9376d09b6663ee75adabbe16cd22fcb768337c228282f8086711a4a4cd8ad037,doc/texinfo/gmsh.texi,Boolean operations | Geometry scripting commands,curated-evidence-v1
term-v1-045,term-v1-d5156d7ed6c0e4362a5aaebc45cdfa48fa6883e6b3d60777a7c7ea25815169bf,BooleanDifference,booleandifference,script_command,布尔差集,脚本源码、语法示例、命令名和标识符中保留英文。,Gmsh 脚本命令；中文译法只用于说明其含义。,approved,two-independent-reviews-accepted,not-required-by-term-policy,4.15.2,3,1a5eaf53693de36efb00d4ebddc4f4971b3066e383ba7cbaf67f4a28fe10e4a5 | 6bf984122c6e72298c388eefe5c98914c3d88add71c9e220797a73e5b332befc | d0562596550be5df291964b2ba34dc9bb23d7a98898bf87b177c42db85178805,doc/texinfo/gmsh.texi,Boolean operations | Geometry scripting commands,curated-evidence-v1
term-v1-046,term-v1-c0dd8c941a219940d2f8124185b95ebc82c093092275e160e913d127094cff5d,BooleanFragments,booleanfragments,script_command,布尔分片,脚本源码、语法示例、命令名和标识符中保留英文。,Gmsh 脚本命令；中文译法只用于说明其含义。,approved,two-independent-reviews-accepted,not-required-by-term-policy,4.15.2,3,5055da4eac819b68a4ab34b009d396887430f7b9ef945a120313798ee33dd778 | 6bf984122c6e72298c388eefe5c98914c3d88add71c9e220797a73e5b332befc | fc68854151be6cb9dba7485ede8afd78458564a3f2fe023ad44f59ea4d634a42,doc/texinfo/gmsh.texi,Boolean operations | Geometry scripting commands | Other geometry commands,curated-evidence-v1
term-v1-047,term-v1-b8af9225935ad9be98dc2284bb4fd3d8419d06886fdb146cfb51b20951c4e329,SetFactory,setfactory,script_command,设置几何内核,脚本源码、语法示例、命令名和标识符中保留英文。,Gmsh 脚本命令；中文译法只用于说明其含义。,approved,two-independent-reviews-accepted,not-required-by-term-policy,4.15.2,2,251d154b3f88e98c2063b16bccc67233ac9d77179c5c92a491c4999fe92e763d | 913a210fcf179c871496ad4fe4231ffde2baab9615affa8429e6f8f7e38cc425,doc/texinfo/gmsh.texi,Geometry scripting commands | Other general commands,curated-evidence-v1
term-v1-048,term-v1-9f53e790155ac6156598c8ee7783c686b0b29b70e2c2fbc540e55cc170ab85b7,Printf,printf,script_command,格式化输出,脚本源码、语法示例、命令名和标识符中保留英文。,Gmsh 脚本命令；中文译法只用于说明其含义。,approved,two-independent-reviews-accepted,not-required-by-term-policy,4.15.2,7,5b283abdf0ac5715f29be3bf0b244135b87e544703a03bf2f4004a352e13ac32 | 70885960adc9b9829af2da6ff2801f8be5e27392e64caba5f3cd429d38dba29d | 8c5847089c04b99c38c5fe16debbd3a435d8212bbf451ad46799f9eb3abf5d7c | 8e374c45f2d06043d9e9e2426b7c4c52b65724a5d0c6a88b336736d485ff582d | aacc9d27112acbd2ac9e31b36869ff61886f03a32401afa272187a450bc6bc74 | accd64c5fab748640f203f155e53d9088d75bab03dc9ec0cbeacd1d8e5848e20 | fe9759a98df68ccd8a8fb3e57cf282153dc51a785fb73bccf3fd8107af3620d0,doc/texinfo/gmsh.texi,Other general commands,curated-evidence-v1
term-v1-049,term-v1-7d059cfd40dfd6e98555e375423f9822a267979e0f09ca090b1b53d87c909b24,For,for,script_command,For 循环开始,脚本源码、语法示例、命令名和标识符中保留英文。,Gmsh 脚本命令；中文译法只用于说明其含义。,approved,two-independent-reviews-accepted,not-required-by-term-policy,4.15.2,83,041a17fc65aeed913a4d9fa798d82c8fb81295bef0c491abb1e434cd22ef6063 | 045a39fe91c9f45111b6f0325e37a787ca03191e8156ac6797d5457a1926cce0 | 04892ccad1219b1bfd3a1a7d309988b1dc83e17f1c92e1bf944d314737f5afe1 | 0509ab3a3b467edb2169fdea7f6a34285682b867d0fe6efb005f2b92f88d25f4 | 0eb25665854be40547e3963ad0ba6d117767d98d2437135382534264ff051f95 | 0f07f4a1d8a746f7d0fa4a587fa84dba4b6b21eba601cb3342114c95c38927c2 | 15200aa3a0285777304651f43ff1605efe6b59206205cc6ad6b8236455da5eeb | 1f538eee283597dee9200b8dc6b8482a6f634c24f4eeb5992e5e21e882d01c5b | 1f943d0dbe1341b1cd36eafd00524d72e4486b4fcc4bc12edbe0e68d0d124662 | 2071f6cfaf06d5d900c5bf12db5fe8075288259d94ac1b60eb5cf4fa5cc7ba69 | 224ced3ebc35fcb0f4ec575054411db9fff8538038906c358014f5d8a8b7ecf0 | 27dfbc8c8aaecb248aa0553ed91a6ce531c56be5307627c04dfefcc6f0605513 | 2e9b134efeb9b4a850924554b87b7600021cb20a6a695e42272a25d6db9cd6a3 | 2f9ed0e45f825bfeca4eae49be1fbb8020c8ab1b226ea346e96b90eae1b6d102 | 34cd933f4d280b7bd49140709a7fb9d77d3ccbcb29bc51c81be2652e0c78b13e | 3737bd9af55b7b658e917b18fe98f9186bf8274d36a7b979da21c80ee3693bd4 | 3c34c0609375c3d8f63a9e7f9c1ae5e33be240e0c6e99091198c6aab918b2db7 | 3c9eabdb8343737d9775d55eb3f72c55a25aa908a97fe9d1ed3a25b99eadc985 | 468269ba2507b40ccc400badd83b746a14c9d309b6fa6d599f92577c06c030ea | 4a8940d93c87daef62faa4ec35c65372dc8a7839b53eedef9e316e60cb907e86 | 4b19cd7d3dc97e06db9ca9690a368b6a70e1a82388becbaa46c28b14a18c7c81 | 4ed11cf8ab5206fa70ef4d327968b5a1d5056a4ee4c64edfc27b3eb2205a9122 | 5055da4eac819b68a4ab34b009d396887430f7b9ef945a120313798ee33dd778 | 556f547f6cf06a19459fd3428bb5cf7518b49fdbb792706c5a7484a56338eb3e | 561bb02986b619d6092a6ec7f37f3045883354fed1d7c7099b494be0d8d43e11 | 57b5b455bf7966bf3dc8de15b221eb68a57bf1d9de816122582ae72655b6f7af | 5aa6918c5d7d6734895d2ac8afbea905f995fa766768fc60177c09a26406b224 | 5d0c9c92ee80ad0891f6f3f8e64cfc2a0462dd75750fe78283627989faf259d2 | 5d2829c28907cd6876826746b6d9d68e2142f7e71ed60341e5e569d533e55642 | 5e1ec0d6a94c54e57af9b45804537ba1bb7d81339bc96e1ccabf741cc923db3b | 619a12dc132fa33bcfb35256b4aab007a7d0e2d4c88724591e9312813d7cdc95 | 66877afab267ea32778ead93b1859089b5d862c0bce9e5a628e9db254722efe3 | 6939c3328bbb221cea0bc46795b48297208221498c0ad53d9cea7ac1b76f1de0 | 697149dfeff6d988e69dc1bddfbbeb2a5342a393e7c9444f353d1a9092baa827 | 6bf984122c6e72298c388eefe5c98914c3d88add71c9e220797a73e5b332befc | 6d03037b8ffd728ebe998cebae622bd58a4e3548c5047f7753a38f0daa4840d7 | 6f9e1d639043f3ab2ee1687fd18bdb31ad6ad37c02a2a4ed9dc688339f1bfb68 | 70885960adc9b9829af2da6ff2801f8be5e27392e64caba5f3cd429d38dba29d | 712e72092644f207a2f15c20c5b3327549977ecc44966b9b4dc53bdca8396586 | 7193c5328828cd67106d723f0f14082af35497073893224106c234c535df6ff5 | 75096257cfbca16e1362f3f445d8352bc92e5f7fee2dfe916515cd495365af0a | 759bd7efc89a582de2055191ef0b6284abd75a5b9d55f924784fe8ae5a8d6a46 | 78b524f3d34b6d6e0488956a4e6eed3e25bef648d8c316bc0046ea2a9020e35d | 790ee8caeb4bf07bc64408209df1d40dc0fac16876c9f617009cb755396a1a35 | 7b63a1aec244f5dfbd874f2e2a76497a2f947b9c3a43608c89aa0a0159762571 | 7bebd3eae61c0309b3f52ef85742aa52344aeb57038f0a53070fbee599347d1a | 7c685cd526b2a77ac804ebdbb2d24ab77076e71f9040bb227af80a4bab47819f | 7e90f678286d24c252a9dfe4e66f8885821c592b1d29074f4fb483573a66a583 | 808dbd5cb89c95f7e9c8ae5e6e528bf25978a954b7b71bed6e7d7eac3e8a4e5d | 8691665c9dc8093bc2d249949eb6acebe53dcf348aceab964e27f8be15dbb0a3 | 8815cd574cdbb21dcb9eb2ce7b75e8a91608e4422992265e8dade0ef4056af10 | 88b6206f25ea1544735b7d0f5372c21fb325289174ab5c40983248824de9cec9 | 8ef6b8b53e9db3874c5918082a5c4233f5c19550a04226091c9cac4783a46e8e | 917babe9f035de4724b6d16d85abc944695e5b7fa47282e450e5e33783a5e78d | 9543d3b67f985c15177e1ba1214f4c87b966cc5a7856e42acdae8493c6060866 | 955dbdbbf404df426a6c6c9b41c165bfcbcf916be83dcd9441b328375b4342c5 | 976a70b965c712a1232dab09592fe9a7efe0d24d86ba2fc1e5fa338050ff2d8b | 998197afd56891b4db6f7ba4f68b125f35c3edd838a8a00b69498d409c3ae9c1 | 9f9f0332c0ed43d1c135dc35af1245a23f38536d699cb57481aee1335e394319 | a57990742ce5081c9425d4217812fadce2ff7a84f7e82d05c904d51ea08164e1 | a8749a1a10f73dd7f4071a8f1a790d78cf76eceaffc5f9a151ceb0ff764f0046 | a87bc77b6d6d4e570bf3090d4d4743c839dd6c3915df6ad2386f827e23aa25c4 | aa5e0660b43f70a8216e2b02585052d2a1f2f260ec7bc31ffcbc1e854f138889 | b25a1553ab876fbe4603ed9dc084c9f44edd7070fed814b89627916203455dfd | b9ac3424c79afeef65f04c55595f09c3318e7506b21c2d6248747ad99b9cbac9 | be2586e18f60cb5008c8eac4458c823e01785d4e2fed75ad7da106ea9112ad04 | c088fd658287d23cc0602bd92d2a5806815c5cbf4390c12c27ee90fae10d7d6a | c548fc6522bb0cbd14f882f5f97dbd0f3478c82730a2b37ac0c0a7634eb1d279 | d0081f25fb0620bcf9910bde43ca0285fa5c9537ccf7146d6572d5f0c24c68f5 | d12dec67ae1efc7a0412b691b4a2182c862791119a610e368a359136105fa33e | d1727069351e28c77015a2f38ac61d2bb4f0b7f2f005ec0cf7ee9283d782d26e | d40adafb55df169597dc1327fc1265ee43488fddf047def412f3cf5dcddd77b7 | d4d1b4c984f256d7b3e6071a3a0cd26f1522dc33348a4dbeca1df33b42e67df7 | dd8604ef146dc2bf9e2e571192cd00f58225ce5d14e9700b69802d8e646bc40e | e198d62c4dbacc7702ae657b30d6e8ac4fa4242d8257c0ca563fc92230f4f945 | ecdb61bcbd424fb4aa7c8e1bc721071f47df4a80d2b4248b3875809a3da66b8d | eef5e8eb7ab518fd05622b2ee8560feaf28981c7e7ef629cd4a71c71a9d10ab2 | f3c7a54eec0e0eff2ac9523fac696deb581ee9f2dc8d7d2143674d3092c2b685 | f92ec7e33fae133a3b638fc6f68d8dbce7af9c9a361a749434e22874294da952 | fa88ae0afd8c80939acf978b9247c7ed5b389a003e8a27490ea0581bd63f55c9 | fad81d52387897c91e6daf360bc0c4c0040f5e983504a1c1fb103a4fd7538822 | faf4b76804c4e0ebcbf4f755f99e914113071d11136c6cfc7af5ae0d69dc2b8a | fdae0be258efb1a713563fd4dfcec30b6ad8bd64a857adc5ea6cceec3f5a8f9d,doc/texinfo/gmsh.texi,Boolean operations | Color expressions | Curves | Extrusions | Floating point expressions | Geometry scripting commands | Gmsh scripting language | Loops and conditionals | Other general commands | Other geometry commands | Other mesh commands | Points | Post-processing scripting commands | String expressions | Structured grids | Transformations | User-defined macros,curated-evidence-v1
term-v1-050,term-v1-1d81c9b8d5307b6575155382591293474081dc2344a3061e0a13eb0d44c2f984,EndFor,endfor,script_command,For 循环结束,脚本源码、语法示例、命令名和标识符中保留英文。,Gmsh 脚本命令；中文译法只用于说明其含义。,approved,two-independent-reviews-accepted,not-required-by-term-policy,4.15.2,6,27dfbc8c8aaecb248aa0553ed91a6ce531c56be5307627c04dfefcc6f0605513 | 3b5cd2b094e4a0e62890224b8b535ca2cca614942878bcc927bfd9b1f7d76e04 | 66877afab267ea32778ead93b1859089b5d862c0bce9e5a628e9db254722efe3 | 7c685cd526b2a77ac804ebdbb2d24ab77076e71f9040bb227af80a4bab47819f | 998197afd56891b4db6f7ba4f68b125f35c3edd838a8a00b69498d409c3ae9c1 | ecdb61bcbd424fb4aa7c8e1bc721071f47df4a80d2b4248b3875809a3da66b8d,doc/texinfo/gmsh.texi,Loops and conditionals,curated-evidence-v1
term-v1-051,term-v1-e1733ee5e2b9274c3806dc41c1cd364738f2f2e9f511af46d76519f0dbbbb6ac,If,if,script_command,条件判断开始,脚本源码、语法示例、命令名和标识符中保留英文。,Gmsh 脚本命令；中文译法只用于说明其含义。,approved,two-independent-reviews-accepted,not-required-by-term-policy,4.15.2,63,00dcd6d18ad8b4b74791a2190f35a8740277bb5b1d19488119005dbee640061b | 045907a373b7e734ca9faa7721fc72b46dafa3ce860aa3a491a3096916826ff6 | 04892ccad1219b1bfd3a1a7d309988b1dc83e17f1c92e1bf944d314737f5afe1 | 054384d12eda841cc1bc982916aa3ea07f7f6e3f787b58587ab4c4b528eee86b | 0b4735aa3bbb9cd95b36c1b812eeed7242fee5be7f55941b86ac4a2899389b99 | 1001909a3cb3001a0332393a3f459a67d28636eae34e6c0e9b0b1db41a9d5a23 | 1b3728395220735758c4ab5da6fce71c894e494d3d491ea6a0515bab6ddea89f | 1e67945edd9b4fb9ebdfbb95c910f521198eb4462c5d538ec8f247dda063f8b4 | 1ec01897a76eed46ac81efb6252437a683c1663d99afe903fcd9d737238e49a2 | 1ee3d5c49720f6ee53aee07f33003ab000b917e636f53d966bbaa1f64742b63a | 1f943d0dbe1341b1cd36eafd00524d72e4486b4fcc4bc12edbe0e68d0d124662 | 2071f6cfaf06d5d900c5bf12db5fe8075288259d94ac1b60eb5cf4fa5cc7ba69 | 2178088e0dc807003e1b79b36ae541321e1b07b212132881a6fbf79a121f6d49 | 251d154b3f88e98c2063b16bccc67233ac9d77179c5c92a491c4999fe92e763d | 2a85fb4f29a1f53287d832b21c41355e47861419b612efc016f0ce7b4f38f444 | 2ccd28590777380c3a6847e19725e7c55db37360d21735682c6569dbaf62da6e | 2f9ed0e45f825bfeca4eae49be1fbb8020c8ab1b226ea346e96b90eae1b6d102 | 3642b76c65e8b271d706cbec8df15d5bcbf1653328c0c3a2cae6cc6a04f45cb3 | 3642c4fb91b2f06ef788445d6cf62df7dee235fce5a06561afe01d7a9ae432d2 | 3c34c0609375c3d8f63a9e7f9c1ae5e33be240e0c6e99091198c6aab918b2db7 | 3e061cb4077f152511f9f8e5c36d6753bcc5bd9c8911b4e38c602f7948d53403 | 3e95579ff94e0adb3d00a70c2cc1963552e11939ec6ec2e7a5863fc8e9c2db57 | 416b0041b752004fb16b43f6ce384584a88f371df3cd0f0efeda8f67f9bcef68 | 44d768d2bad58765f6b80d951a273ebc07906073447e972dc8170c52c370134c | 468269ba2507b40ccc400badd83b746a14c9d309b6fa6d599f92577c06c030ea | 4a5cc3e8c540991695e174de6945e8f4c34e2bc016f98d28ad3ea82bcd508b1f | 4e453562509f23c789f17598c69715e1258cfd3c554590e19f2621c48dfd99a8 | 4efc1fa7e275252f32edab542f640158857ea1b2ee9d238d1118db904185731b | 5eddcbcb441b3dfa98e43d2fb5f0ae3de9e6e2f80f02838fff9d1dceef93bc92 | 697149dfeff6d988e69dc1bddfbbeb2a5342a393e7c9444f353d1a9092baa827 | 6e1c031c722190f349ef86c03d0cc1df2f988837d2f913de5b6f0dc1b75036ce | 75096257cfbca16e1362f3f445d8352bc92e5f7fee2dfe916515cd495365af0a | 77662010e491209e73610d5bab18e60ea643ba77c60e30836f315069d89c8a2f | 78fbd6eb7d20a76c529c656e3d4191641f2504064c2f4b0f9144034c7608a87a | 7b63a1aec244f5dfbd874f2e2a76497a2f947b9c3a43608c89aa0a0159762571 | 7fa7b6cf2d0cffc2aa3840533b92529581b50969500ac3cda5281a6207987779 | 874188145ed8881f3ef84c01a53f2d405189d9ba65882830a81c570eae3065b4 | 8b8dcb9eb91e2f105d846604d33d351dbe2a6ba678d5f86f5d99a30c61bc2c11 | 8d5b722e1a7f8a4362f9fc527949fc5e5ea9e0aba7051899c4df0f07c3439cf4 | 8ef6b8b53e9db3874c5918082a5c4233f5c19550a04226091c9cac4783a46e8e | 929f35bdd451cc0af543961808c0aaa37051ce9457c861053bfe7208987be6bd | 979219d31c24ababb073d1a9855d586804ebfdecb3c3361acdf8fa6340b13c06 | 9f9f0332c0ed43d1c135dc35af1245a23f38536d699cb57481aee1335e394319 | a4faa80a51c0f521c8dabab7efa8785193aa48f60dc12bb7531ffa0009e4f40b | a6b23235124ade3f3e6ddf8256d56113701f3a9a298b082f42d9c7ebde8e91e5 | a7742cc84f390e806671cdef7878473f46df68846939b85047b7b01783b1f3d8 | aa5e0660b43f70a8216e2b02585052d2a1f2f260ec7bc31ffcbc1e854f138889 | ac39bcd9e0ffc29023f91e64083db84beda0bb274d3e9d982a9a895ad0753de0 | ae544d498bd9848f8634dfea3cb362e924ce68fb342abd0eda56b0ef82d52e9c | b039888d4d5b3134d1a2a02b2a6d2c40b1bcbc089efafe820b1523e780467d7b | b1c70a8aa66a205486efcc0fbdfe5b8777f81159938a126eaf96ca03f3d88ade | b25a1553ab876fbe4603ed9dc084c9f44edd7070fed814b89627916203455dfd | cfb1f501f33369cb111e6ac814a1e7e4f26582580e04fb7b27d3415e617ca451 | d40adafb55df169597dc1327fc1265ee43488fddf047def412f3cf5dcddd77b7 | d959dbadfa846f726e1239d9475f689f257af2c61672ad4df8234bf4b8ae7b53 | dba2938e3b08637af7f3a01e56f845363264d259e1059f0eed7e11fb4c33713a | dd8604ef146dc2bf9e2e571192cd00f58225ce5d14e9700b69802d8e646bc40e | e8f3915a566fd4551f318c061a3de84871f561a81fe6a607acacf63fbf141fe3 | f3c7a54eec0e0eff2ac9523fac696deb581ee9f2dc8d7d2143674d3092c2b685 | f55f9a64bbe12b233ca2019fa25e268bf8cf12082ddec29b9b6ad8940e07fd70 | f59c61d445abfc8932e2b5d3377839eed3ad8ee09e6694813ac84e75c9514fcd | f906077fae1cdfc8a3186b92531fd82b9eb740644274446e4c3b23ca5c7b4167 | ffc32b5cf4d8ce654827b6c716d1fee96e0a60cd433052b73b0cbfb5bd1f86b5,doc/texinfo/gmsh.texi,Boolean operations | Built-in functions | Curves | Floating point expressions | Geometry scripting commands | Loops and conditionals | Mesh element sizes | Operators | Other general commands | Other geometry commands | Other mesh commands | Points | Post-processing scripting commands | String expressions | Structured grids | Surfaces | Transformations | User-defined macros | Volumes,curated-evidence-v1
term-v1-052,term-v1-0af12442193663bdbe405c87599b1ba6b0a32dc7ea7e8ff0549f960a76ae67a6,Else,else,script_command,否则分支,脚本源码、语法示例、命令名和标识符中保留英文。,Gmsh 脚本命令；中文译法只用于说明其含义。,approved,two-independent-reviews-accepted,not-required-by-term-policy,4.15.2,4,1ec01897a76eed46ac81efb6252437a683c1663d99afe903fcd9d737238e49a2 | 5eddcbcb441b3dfa98e43d2fb5f0ae3de9e6e2f80f02838fff9d1dceef93bc92 | 5f32fe95874e26627f2a266be2378d71108e917bbb10fd095893439d1c5380d0 | f59c61d445abfc8932e2b5d3377839eed3ad8ee09e6694813ac84e75c9514fcd,doc/texinfo/gmsh.texi,Loops and conditionals,curated-evidence-v1
term-v1-053,term-v1-1152237b14a5ecc4abb27d836d2fc87d347c4e151290d5b4ed3be460041f19ab,EndIf,endif,script_command,条件判断结束,脚本源码、语法示例、命令名和标识符中保留英文。,Gmsh 脚本命令；中文译法只用于说明其含义。,approved,two-independent-reviews-accepted,not-required-by-term-policy,4.15.2,5,1ec01897a76eed46ac81efb6252437a683c1663d99afe903fcd9d737238e49a2 | 5eddcbcb441b3dfa98e43d2fb5f0ae3de9e6e2f80f02838fff9d1dceef93bc92 | 691734d9384af8b27b50fbb4abe4fe8828d8825e118ac49a7eed8b72c0ae109b | d959dbadfa846f726e1239d9475f689f257af2c61672ad4df8234bf4b8ae7b53 | f59c61d445abfc8932e2b5d3377839eed3ad8ee09e6694813ac84e75c9514fcd,doc/texinfo/gmsh.texi,Loops and conditionals,curated-evidence-v1
term-v1-054,term-v1-b3e2c4b566c765a2f093facc5e3d65d2c2a887ffaad96b688e80ce1788510e0f,Include,include,script_command,包含脚本文件,脚本源码、语法示例、命令名和标识符中保留英文。,Gmsh 脚本命令；中文译法只用于说明其含义。,approved,two-independent-reviews-accepted,not-required-by-term-policy,4.15.2,2,1b3728395220735758c4ab5da6fce71c894e494d3d491ea6a0515bab6ddea89f | 83aa1483bda02ed0d3a7dc254e52d3acc59178d8875fcce7ee07a5437bb0ca02,doc/texinfo/gmsh.texi,Other general commands,curated-evidence-v1
term-v1-055,term-v1-a45c5d45605b43b222d3c3e46f6f28e931adcbdc321d4703d4b2a25dd84df284,Return,return,script_command,返回,脚本源码、语法示例、命令名和标识符中保留英文。,Gmsh 脚本命令；中文译法只用于说明其含义。,approved,two-independent-reviews-accepted,not-required-by-term-policy,4.15.2,25,081e1600fe77cfd9d72627943286e7a5335b2131c129670d5a1b8f41c1ced76b | 088683593410baeb64f6beeca197dbfd091235ca03780547f5ed39404428c965 | 0a128e42d349ade760d3e3cc598ef8d96051bc9b5c0440d83e16da44a203e0cd | 0cb53747067772a041dd02ef553735ac2dd1d7b7c71d6aef1e0b30cc049fe410 | 16fb29e74f13d08c85cd6ae42c4d5025d731ee53f0c843e776a8b4b80fd33bbf | 2e8002cd68552b4a12c1dc55f3fcb0aa239d514cbe73c3db02cb4fdd2aec4108 | 36585f590c67d107f1b3557ae789c3370bebefcafea3dab16e6e3b8ab0999797 | 439e90ad963fcf11eb5ad160980c1a4a2ea914ccb0c0244cfacbeb8bbfa24bb5 | 513dd69fd210f41ea7d9fff1de8d772c8ef5c784b411bb6ae58fcd48c9e871bc | 561bb02986b619d6092a6ec7f37f3045883354fed1d7c7099b494be0d8d43e11 | 81defe47d83064ac042ba9daea720468ab7318fe571526decec5fc5051b3f055 | 874188145ed8881f3ef84c01a53f2d405189d9ba65882830a81c570eae3065b4 | 8b3a2da26d1662571bba428328b1af4a5daf81f6bc302f397154bfbdcf5ab6e5 | 8ef6b8b53e9db3874c5918082a5c4233f5c19550a04226091c9cac4783a46e8e | 929f35bdd451cc0af543961808c0aaa37051ce9457c861053bfe7208987be6bd | 9f66b6be7af455e23bf27bf2029d0b6cc030c90136e777435bf1007b567ed9b6 | a8749a1a10f73dd7f4071a8f1a790d78cf76eceaffc5f9a151ceb0ff764f0046 | aba75bc9f3e2b725be7dd1e8b8ddd1b12812308adc15c54fb2dedce30270f6bc | c32cfcf27cb1ca15081c9b581982ff7e4437a3869abdf65c56ae3a9fe97d5721 | cd4c9b34b57d743089f75fc7f72afe888e2f68a588016bf37c118eafb33a1846 | d4ff78180c5166e1e7a4320cd5d8fddbf32f324a3a8707ae361fcf9ba4581135 | d59bb8884dd53b1914904e1a4a86f6bb68f57646836b9eff0b19fbea5dba6a5b | db5ce5bb3198b17137fd975a298604ece15dff335d74db2eef5f8962edbcbf30 | fe04da2a85e4c1f8da2ef9fa07c593673673dff2faa5df314a1202e9522348f2 | fe9210d979bde087e7024db52db4dc8e648b69cb8a96a0f2703563d6560e23d3,doc/texinfo/gmsh.texi,Other general commands | String expressions | Structured grids | Transformations | User-defined macros,curated-evidence-v1
term-v1-056,term-v1-30d5c77d30a422a92c918c79b4cc7ffd9239578e190ec2842879fa6c77daf7d2,General.Terminal,general.terminal,option_field_plugin,General.Terminal,所有配置、代码、命令和正文标识语境均保留英文。,Gmsh 选项、网格尺寸字段或插件标识符；必须保持原拼写。,approved,two-independent-reviews-accepted,not-required-by-term-policy,4.15.2,1,a8ffe4dab2e67eedf116265bdad501b3dc09d216f4bbc3b83b65d8ce343d79b7,doc/texinfo/opt_general.texi,Top,curated-evidence-v1
term-v1-057,term-v1-42f003c40ec7bedebd08af76556ed099bba302095734d77a7c7fd1f4d2df2228,General.Verbosity,general.verbosity,option_field_plugin,General.Verbosity,所有配置、代码、命令和正文标识语境均保留英文。,Gmsh 选项、网格尺寸字段或插件标识符；必须保持原拼写。,approved,two-independent-reviews-accepted,not-required-by-term-policy,4.15.2,1,10377b63795b85ffec89471466b941e3edfd3e55f19050f208b66ef946ce8f6f,doc/texinfo/opt_general.texi,Top,curated-evidence-v1
term-v1-058,term-v1-2b363c199a37c4aaa2f7abccbe4d598707d99379e4dce850f4c9a92ab1fa4ee5,General.NumThreads,general.numthreads,option_field_plugin,General.NumThreads,所有配置、代码、命令和正文标识语境均保留英文。,Gmsh 选项、网格尺寸字段或插件标识符；必须保持原拼写。,approved,two-independent-reviews-accepted,not-required-by-term-policy,4.15.2,4,137f4d9254679c3fa68adbfc7da016749f12719e642bcf02a1347cba7d53b11b | 768e9e460741b4e5ae5462f4545a7a068f71a624beafebddfedc3662f95c6390 | 7964ed9326755ae8714cf097deb0cb9ee02823b8ff53be441bb193d8b28d7784 | d0a247c55141b849f41b33c82a19f903587d3a4538f41c7042b3923ebc660ac6,doc/texinfo/opt_general.texi | doc/texinfo/opt_mesh.texi,Top,curated-evidence-v1
term-v1-059,term-v1-7da9118f27e9588e70b09f2b87e811860ffd75cb5be58c977968497df655004a,General.ExpertMode,general.expertmode,option_field_plugin,General.ExpertMode,所有配置、代码、命令和正文标识语境均保留英文。,Gmsh 选项、网格尺寸字段或插件标识符；必须保持原拼写。,approved,two-independent-reviews-accepted,not-required-by-term-policy,4.15.2,1,07ec809b8f6d22b7d321568d7147db2721d3010afbf6f114684c47dc92e609b8,doc/texinfo/opt_general.texi,Top,curated-evidence-v1
term-v1-060,term-v1-8f6571383e45563f21cfb16c7d6ed8f2447a63b1eda8497d2d3ba1e0b4c18682,General.GraphicsWidth,general.graphicswidth,option_field_plugin,General.GraphicsWidth,所有配置、代码、命令和正文标识语境均保留英文。,Gmsh 选项、网格尺寸字段或插件标识符；必须保持原拼写。,approved,two-independent-reviews-accepted,not-required-by-term-policy,4.15.2,1,de0ebcab9e8fb2d3b2d8cc3ff063e0e4e8e4e9487226c4318a4d5a4babe47f02,doc/texinfo/opt_general.texi,Top,curated-evidence-v1
term-v1-061,term-v1-07cd034d1430a7dee0f71a7c8ee2a494ecbd50f6cd0d1dcc5ab30b61972b14e3,Geometry.OCCBoundsUseStl,geometry.occboundsusestl,option_field_plugin,Geometry.OCCBoundsUseStl,所有配置、代码、命令和正文标识语境均保留英文。,Gmsh 选项、网格尺寸字段或插件标识符；必须保持原拼写。,approved,two-independent-reviews-accepted,not-required-by-term-policy,4.15.2,1,d5009f4c76cf3ef180f0b9db317b31e3459b0192a001eab72f0d8175afdc18a9,doc/texinfo/opt_geometry.texi,Top,curated-evidence-v1
term-v1-062,term-v1-7068723629f7cae22bf01ab952386779b2480457b03337abc61d806925b209a3,Geometry.Tolerance,geometry.tolerance,option_field_plugin,Geometry.Tolerance,所有配置、代码、命令和正文标识语境均保留英文。,Gmsh 选项、网格尺寸字段或插件标识符；必须保持原拼写。,approved,two-independent-reviews-accepted,not-required-by-term-policy,4.15.2,1,3ec37871fb84d6de22bdcefdf4231b878b2972a527db5b0aa06c0ffcda623f25,doc/texinfo/opt_geometry.texi,Top,curated-evidence-v1
term-v1-063,term-v1-d12bfe61bded8d2644363142cad827326bda79c1038f148acae89df2ae1a9051,Geometry.AutoCoherence,geometry.autocoherence,option_field_plugin,Geometry.AutoCoherence,所有配置、代码、命令和正文标识语境均保留英文。,Gmsh 选项、网格尺寸字段或插件标识符；必须保持原拼写。,approved,two-independent-reviews-accepted,not-required-by-term-policy,4.15.2,1,99a7c016c393278596728ad278bc811690e85e98891f9d9db3fd2c2fa08bebad,doc/texinfo/opt_geometry.texi,Top,curated-evidence-v1
term-v1-064,term-v1-a0a6ee6514eede084972d4edb4463522156acf6223fde8b920ace6185145ad0b,Geometry.ExtrudeReturnLateralEntities,geometry.extrudereturnlateralentities,option_field_plugin,Geometry.ExtrudeReturnLateralEntities,所有配置、代码、命令和正文标识语境均保留英文。,Gmsh 选项、网格尺寸字段或插件标识符；必须保持原拼写。,approved,two-independent-reviews-accepted,not-required-by-term-policy,4.15.2,1,14553acf172b1521f3e7aaa50daba44fb9b0a7a1622b689bc7dee3cf56b21ebf,doc/texinfo/opt_geometry.texi,Top,curated-evidence-v1
term-v1-065,term-v1-ca5d02589592787217e18193d7f310f78828093f7df7ad207f3ff2d9a12138cd,Mesh.Algorithm,mesh.algorithm,option_field_plugin,Mesh.Algorithm,所有配置、代码、命令和正文标识语境均保留英文。,Gmsh 选项、网格尺寸字段或插件标识符；必须保持原拼写。,approved,two-independent-reviews-accepted,not-required-by-term-policy,4.15.2,1,143826ba1c16c48dc06c03d0c83e46302df8fc83f82ac7cb77d501e1edafac3e,doc/texinfo/opt_mesh.texi,Top,curated-evidence-v1
term-v1-066,term-v1-74f2f691338ae035bd3cac0917d0344baf1b6ff9cbd3da6cbc8439489a010382,Mesh.Algorithm3D,mesh.algorithm3d,option_field_plugin,Mesh.Algorithm3D,所有配置、代码、命令和正文标识语境均保留英文。,Gmsh 选项、网格尺寸字段或插件标识符；必须保持原拼写。,approved,two-independent-reviews-accepted,not-required-by-term-policy,4.15.2,1,433b235bad22d8827a186e8c8cdec704e72c1148137d21ee1e4adc99153231c2,doc/texinfo/opt_mesh.texi,Top,curated-evidence-v1
term-v1-067,term-v1-b65c23f9cc2e0987c808332c261154a25088d0cc72fbf18348a3003ce19f5ed3,Mesh.ElementOrder,mesh.elementorder,option_field_plugin,Mesh.ElementOrder,所有配置、代码、命令和正文标识语境均保留英文。,Gmsh 选项、网格尺寸字段或插件标识符；必须保持原拼写。,approved,two-independent-reviews-accepted,not-required-by-term-policy,4.15.2,1,539fe8fb59b06334994e54923cea9af2189974877b8d61966d65293ef58e8b74,doc/texinfo/opt_mesh.texi,Top,curated-evidence-v1
term-v1-068,term-v1-aea54b19d8820741092a9ab77823afe639968c3d90fd74c81d88f96bd364d73a,Mesh.Optimize,mesh.optimize,option_field_plugin,Mesh.Optimize,所有配置、代码、命令和正文标识语境均保留英文。,Gmsh 选项、网格尺寸字段或插件标识符；必须保持原拼写。,approved,two-independent-reviews-accepted,not-required-by-term-policy,4.15.2,1,4f542e700565bffe98d4231754c1dac1eac07fb7522ea2b76f2bdc3f5fdbac88,doc/texinfo/opt_mesh.texi,Top,curated-evidence-v1
term-v1-069,term-v1-167e28370cb54fd8496eebe30ba180009a55516ef7874cb12cd3070166053d43,Mesh.SaveAll,mesh.saveall,option_field_plugin,Mesh.SaveAll,所有配置、代码、命令和正文标识语境均保留英文。,Gmsh 选项、网格尺寸字段或插件标识符；必须保持原拼写。,approved,two-independent-reviews-accepted,not-required-by-term-policy,4.15.2,1,6221161ac19742b48c87371c2b288dcfb7c32099fcc37ccc37bd3735d66aa20d,doc/texinfo/opt_mesh.texi,Top,curated-evidence-v1
term-v1-070,term-v1-c4e036ae4de0781ec5a1744216ce3fed226ec3bd587bb1ec422a319ddf796544,Mesh.Binary,mesh.binary,option_field_plugin,Mesh.Binary,所有配置、代码、命令和正文标识语境均保留英文。,Gmsh 选项、网格尺寸字段或插件标识符；必须保持原拼写。,approved,two-independent-reviews-accepted,not-required-by-term-policy,4.15.2,1,d62ca7f030ff5dd57f2c4629ce83d00bf1ab420ae151181783a57faffbb28246,doc/texinfo/opt_mesh.texi,Top,curated-evidence-v1
term-v1-071,term-v1-79b1942b311de38c003b5b90b2f0d0d1e3d3c876bfa7ac4f9718946c0554acae,Distance,distance,option_field_plugin,Distance,所有配置、代码、命令和正文标识语境均保留英文。,Gmsh 选项、网格尺寸字段或插件标识符；必须保持原拼写。,approved,two-independent-reviews-accepted,not-required-by-term-policy,4.15.2,13,281209889751dea37d2433d053c123bce3800f0793985cf4bb65dac2052bb1a9 | 408fb221657ced981f6e279f057492d316ed25d862a1e0298a45b20e2e750673 | 5c92d6a8d5750d3494cb9e203037a25e4bd5924ac050ecfd8d150cb116d2948b | 6184cd41a7923d2da9351fb69ed1cf085b187efd283b117500f7020fe0c4eb38 | 65dd1c10cde1ab0dac6bf636c1412051cc6dca2abb6e4d8a165ae486c1680826 | 6f06d1b237e2f81cc6a5278deff77bcf6a6f0cabe03ba26a7eba8f44f91d9f0e | 7ffa78e9017f6abc751dc9fd19f584c4321855a63e1125249b63108a8102cc55 | ac6f0d59fb997fef31c3df01faf7bcb4707dd8a7f6473efb9efcb304d8eebaa7 | cfce0f412fc2b549e6651a7b052f72046ec35e4d1f7b6018012e5a0a561893d2 | d620413a3fedbc9e310c1e73100f13f9583494bef01a01f874f6e04aa9241361 | dcf0ce27a038e89482f6562608f379c62916fcbaeaa0e760562e57218d0f8c99 | dd1386c4ac3076499ec3c9e608ee2d0d5521b033393838db54ad1aa545137ce6 | f5dfa02470dd3edd2f573ccae5884b6b62bf1a5e0e0885cc5e2e369c1f1328d3,doc/texinfo/fields.texi | doc/texinfo/opt_general.texi | doc/texinfo/opt_mesh.texi | doc/texinfo/plugins.texi,Top,curated-evidence-v1
term-v1-072,term-v1-c5b617fbff0cf3a29fbd8021dd78796c9a809b38b10e40cde639fc4bdd340797,Threshold,threshold,option_field_plugin,Threshold,所有配置、代码、命令和正文标识语境均保留英文。,Gmsh 选项、网格尺寸字段或插件标识符；必须保持原拼写。,approved,two-independent-reviews-accepted,not-required-by-term-policy,4.15.2,8,004b0a595015b453983fa47fcd1f393850e0dd15f7ca2d57ae47470de1cd15f7 | 113d2a7a0f1bdece086f785319667b7cc6a34c7384c59c2ff4b605bbb14176d4 | 1f482dd9ee883c4edf187465cb5b66310c1dc2fdec181c793593754f644542af | 21daa825529570a21322285e3dbd52c4bb24fb05cfb18a9a3d018edf468691b2 | 4413e14b4b79a7c8521920540f3134f4204feaa9e073deba2efb0c538fcdfce0 | 6e3f6ac5cd76ed2188bfdc9f140cd1048685b31021929416c6c4fd5d72dbb75a | 9fd78592f4c969912e07d12664eaa4e02465779ffabc31ab082ec11258308a08 | ca94249d77ee441f3c69240426d8428c43cff428c0760b3f203163618be487c4,doc/texinfo/fields.texi | doc/texinfo/opt_mesh.texi | doc/texinfo/opt_view.texi | doc/texinfo/plugins.texi,Top,curated-evidence-v1
term-v1-073,term-v1-fd93ceaea6316b9296e1c01b5ec953382402be156f1fdad0580fe8f744cdf364,MathEval,matheval,option_field_plugin,MathEval,所有配置、代码、命令和正文标识语境均保留英文。,Gmsh 选项、网格尺寸字段或插件标识符；必须保持原拼写。,approved,two-independent-reviews-accepted,not-required-by-term-policy,4.15.2,3,536922517c1137e9399d9b432fc06e161ee96247ce6e28fad4b44343e43ecaf6 | 8c1bab7e505366bf27eb5587f24f4efd5025643ca0bdd4535dced57e4466d73c | af7e0aaab60b035f5bc7beb4982a3f4a351ecbcb5fa1829defccbde0d860baa4,doc/texinfo/fields.texi | doc/texinfo/plugins.texi,Top,curated-evidence-v1
term-v1-074,term-v1-2197617fc46b1c204afb27fe9203cce8c6d8c4e7126ce3bcdf630ba4db5ad1d4,Box,box,option_field_plugin,Box,所有配置、代码、命令和正文标识语境均保留英文。,Gmsh 选项、网格尺寸字段或插件标识符；必须保持原拼写。,approved,two-independent-reviews-accepted,not-required-by-term-policy,4.15.2,17,074402b529c84998189040b70d656278027ace298e63a6f25a049f5acb210cc3 | 1fcb56d83f4035127d1f06803a7d0cbce54bcf7367cf2210b5a1b6b070700a75 | 3aa2e2299619cdf5143019807299fa013cf7b76013c88bed54d857d629a5b6fc | 45c1953877df35b5a0774c19d1d9e000f63d6769867f1d3060eabce97ce43f08 | 60606dfe7d0d6ec6d9a16b1f1b677b24544b9a9a19e95493ec483e2e0d0a5c05 | 6184cd41a7923d2da9351fb69ed1cf085b187efd283b117500f7020fe0c4eb38 | 74532651341223dcde12ea5145328d705c541042e74bc8c9be31920c825d7baf | 78d91b1ee6895b350bdb40667057634eea3df4b83406b836f610099d759663d8 | 7b74958f5f55360a5457c6eb93b69bbad29c05ff3e07fcee525f1f363ce7433a | 8873a0f3796bfa5e76469da2d62529c8a727accd5cd8706c76ba53d44e50f3e9 | 9050bf81f96249fd4d718f001198766f239807d614902f8a5f86841a1781efd8 | ac5bf92dc1cf491ecb1e48cd378cb2e6f5ac4da87682549657bd5f559d2a95f0 | acd265802813f09cbc6e8144c507c74fcb2a33e04bc44ba8ea3dcdb92f7c397e | eb49ade6047d890e3708ff98f7e17f15e1eef4e9231eb6328d6b5ebe65d65898 | ec333b1a7e2b78cfcdd6a0b571d9953e200dbb3d1c6b0e581bea6e4f66d89f45 | ef608c4be8962f912553bd747ba5ad2da7ce766770a080f77196479d5297c24c | f86f302ee65a4de34e2b780149c44b6e10a777ba0ef5306c26d1a6b42129769c,doc/texinfo/fields.texi | doc/texinfo/opt_general.texi | doc/texinfo/opt_view.texi | doc/texinfo/plugins.texi,Top,curated-evidence-v1
term-v1-075,term-v1-7fbee46703773263bd8d0f0f2e8f2c6b6d91b9fb053118657692ffad1a204f2f,Cylinder,cylinder,option_field_plugin,Cylinder,所有配置、代码、命令和正文标识语境均保留英文。,Gmsh 选项、网格尺寸字段或插件标识符；必须保持原拼写。,approved,two-independent-reviews-accepted,not-required-by-term-policy,4.15.2,10,22201a3bb25d9f1499d31c3cd55014ef61b99846bc46f668922417db37428f9f | 27dc021a6611700175316f9088afa460d416b7020e2aeca5c4ca86c9234b49f5 | 515cbfcdc3ff5a080deb6da657a17dc0d98cbb11d1129b9d6305f67cf902a673 | 541b5a2370dcf3e86ae55916340112e34bf3818eabee9bf415142203a46e56c7 | 56a937d7bb417d8e24ac72855dbefd3de54eb9f20b0afa8f5834bf4868fcd2a9 | 6b9b5484e332c8da58c1633b440c6d52fad4f8ec928c3d7ceb9ab4a1f0ea9588 | 99ef3124200074b4d25c760bb86f88d9b1373e01793ef2af4d07fd6c2000b259 | ac9c918dae3d7a0cf7637226bd6d06cd306eba902855178f893506c3632a83a6 | d3857c5a7780bfb48892bcb04e4f15e7303eaa5862a63a5126b23f1bff95921e | e4cdaa94bd54993089c8c3fcf0bafde62a118826348a2a410fabdac3f6df0b00,doc/texinfo/fields.texi,Top,curated-evidence-v1
term-v1-076,term-v1-41340a2a6448037200eb9d3df8469101e643f7bbaa3ca061dbd6d9b96a5afc99,Ball,ball,option_field_plugin,Ball,所有配置、代码、命令和正文标识语境均保留英文。,Gmsh 选项、网格尺寸字段或插件标识符；必须保持原拼写。,approved,two-independent-reviews-accepted,not-required-by-term-policy,4.15.2,7,19afbdcb63257b8c10196e17575173e793c63173a2fe030f89f74b4b00bbc7a2 | 22523d295da34a949faaf6c55a205866eb6c3cd8892d1c667c4b583dccc877e6 | 8bd6f423f76075c1833616b8038daa8811d14d0920b7c08fe0213b65a9137c12 | 8e08f376db56af584bae243e0157ef0148c72a4611fea33019cf0dac73893a7e | 97c7c81ae8074ba54407b6d6cc2529c6fef8634d3604379d59e81add4f9c0e64 | d40e605e468cd23336e08c5f9379d4c6ff516d992c71d3dab3d1d2ee8a5c34b8 | dca55b23386779b6113c2e7f83fd08876d5f94fc86af9a9071d06504b0e4b5e9,doc/texinfo/fields.texi,Top,curated-evidence-v1
term-v1-077,term-v1-a898a8be2730acf9cabdb834c583256fe55f09fff610bee1832542e3e8de9ef1,BoundaryLayer,boundarylayer,option_field_plugin,BoundaryLayer,所有配置、代码、命令和正文标识语境均保留英文。,Gmsh 选项、网格尺寸字段或插件标识符；必须保持原拼写。,approved,two-independent-reviews-accepted,not-required-by-term-policy,4.15.2,2,5c864b2bae7402e65459cd8534d982d04493596b10a748dcebcbaad8f6c98da7 | c695504a6e095470f4eef1571b7f39f3767d8abc69dca94778ed30fb4eac7697,doc/texinfo/fields.texi | doc/texinfo/plugins.texi,Top,curated-evidence-v1
term-v1-078,term-v1-c23f9551db286b91dff79d92080cd1d8c4b6dbb06c3b36c7fcc2af69bdda7f41,Min,min,option_field_plugin,Min,所有配置、代码、命令和正文标识语境均保留英文。,Gmsh 选项、网格尺寸字段或插件标识符；必须保持原拼写。,approved,two-independent-reviews-accepted,not-required-by-term-policy,4.15.2,7,1b7725b2511c8c009f771038c8236b7f35d8de0bbd5bf56cf43d3dc3644527be | 425d6f278ba2214759df7120ee33ce1daa756791d2254e58e995a88a797a1245 | 46b7091981579d302664c4dd684c92deeae10d7ce8ee339159243c5eed53a7cf | 67f3cbf408a9704e207ef5c7eecc39dd3480a0bc6de0570d86b47b966f4ef1ae | 6e3f6ac5cd76ed2188bfdc9f140cd1048685b31021929416c6c4fd5d72dbb75a | a7929b7cc7f022eaf4e0ca788d5f0f5746cab6f9ff28e286b99506c318d87375 | ee814707e2bd8a81535ce37249489b5a4e867a417d19be0eb273478808898f1f,doc/texinfo/fields.texi | doc/texinfo/opt_mesh.texi | doc/texinfo/opt_view.texi | doc/texinfo/plugins.texi,Top,curated-evidence-v1
term-v1-079,term-v1-5ce9d844c5487344702fa3fd7fdca83e99e91630c88da271c6f5d221b22d96ee,Max,max,option_field_plugin,Max,所有配置、代码、命令和正文标识语境均保留英文。,Gmsh 选项、网格尺寸字段或插件标识符；必须保持原拼写。,approved,two-independent-reviews-accepted,not-required-by-term-policy,4.15.2,8,2e9a7d3506dd97bfdc3410fd82d14f8522564863c58c04d9595c67522e12f9a4 | 425d6f278ba2214759df7120ee33ce1daa756791d2254e58e995a88a797a1245 | 46b7091981579d302664c4dd684c92deeae10d7ce8ee339159243c5eed53a7cf | 5ce704bcbd4b24c862035c6856f5912c366bdd36a3c09b79a463c2b9bd7ba795 | 6e3f6ac5cd76ed2188bfdc9f140cd1048685b31021929416c6c4fd5d72dbb75a | a7929b7cc7f022eaf4e0ca788d5f0f5746cab6f9ff28e286b99506c318d87375 | b29cf1bdceb4269b6c5f2330f4cbf79e5f3bcfb165d0d9d8cad516889d97a619 | ee814707e2bd8a81535ce37249489b5a4e867a417d19be0eb273478808898f1f,doc/texinfo/fields.texi | doc/texinfo/opt_mesh.texi | doc/texinfo/opt_view.texi | doc/texinfo/plugins.texi,Top,curated-evidence-v1
term-v1-080,term-v1-e0e6832d839e1936328bf7d6ba05a0d2841479235b77fdd189c0bc90d86c6082,Restrict,restrict,option_field_plugin,Restrict,所有配置、代码、命令和正文标识语境均保留英文。,Gmsh 选项、网格尺寸字段或插件标识符；必须保持原拼写。,approved,two-independent-reviews-accepted,not-required-by-term-policy,4.15.2,1,73f760757a816298ff61c628b8146ebf39ee1c22ff44e642c52bd4e7bcbc8a26,doc/texinfo/fields.texi,Top,curated-evidence-v1
term-v1-081,term-v1-ef7992b6bb52201603e79b8993105ca69a4299fd08de784f0fbedb3133e22d7a,Plugin(AnalyseMeshQuality),plugin(analysemeshquality),option_field_plugin,Plugin(AnalyseMeshQuality),所有配置、代码、命令和正文标识语境均保留英文。,Gmsh 选项、网格尺寸字段或插件标识符；必须保持原拼写。,approved,two-independent-reviews-accepted,not-required-by-term-policy,4.15.2,1,6e3f6ac5cd76ed2188bfdc9f140cd1048685b31021929416c6c4fd5d72dbb75a,doc/texinfo/plugins.texi,Top,curated-evidence-v1
term-v1-082,term-v1-20e2245be2184bc7343e5ee5a9a8f0759d76753614c4f2e1dad08e711bca5d68,Plugin(Annotate),plugin(annotate),option_field_plugin,Plugin(Annotate),所有配置、代码、命令和正文标识语境均保留英文。,Gmsh 选项、网格尺寸字段或插件标识符；必须保持原拼写。,approved,two-independent-reviews-accepted,not-required-by-term-policy,4.15.2,1,7dd9651b303e7f934bd02414dd1c61e00280bec44bd57876fa1200caf9ea6f53,doc/texinfo/plugins.texi,Top,curated-evidence-v1
term-v1-083,term-v1-ae5f8a4ddb8be2707898886adcacbc73adc3a1977cb134c0f2c64d2d4eb8abca,Plugin(CutPlane),plugin(cutplane),option_field_plugin,Plugin(CutPlane),所有配置、代码、命令和正文标识语境均保留英文。,Gmsh 选项、网格尺寸字段或插件标识符；必须保持原拼写。,approved,two-independent-reviews-accepted,not-required-by-term-policy,4.15.2,1,624f43ff4232ea717a8ac7198edee0fe1a49614d9a255280e16bfc5f7e2155d9,doc/texinfo/plugins.texi,Top,curated-evidence-v1
term-v1-084,term-v1-4039684b1583639c33abfd9b2a41f575d6b677a9085ea9e71b228fbd430a8b5d,Plugin(Isosurface),plugin(isosurface),option_field_plugin,Plugin(Isosurface),所有配置、代码、命令和正文标识语境均保留英文。,Gmsh 选项、网格尺寸字段或插件标识符；必须保持原拼写。,approved,two-independent-reviews-accepted,not-required-by-term-policy,4.15.2,1,b39b8d19f558206060a1d3cce4b1c0092192ab8807357c722fb7a5257c5c8cc9,doc/texinfo/plugins.texi,Top,curated-evidence-v1
term-v1-085,term-v1-7ffc41e43496f1d2825d87fad2b8315c43e15a66d76001594a789ca7c4be4834,Plugin(Integrate),plugin(integrate),option_field_plugin,Plugin(Integrate),所有配置、代码、命令和正文标识语境均保留英文。,Gmsh 选项、网格尺寸字段或插件标识符；必须保持原拼写。,approved,two-independent-reviews-accepted,not-required-by-term-policy,4.15.2,1,fcecc6d57f7fe2ed75da58638199625261ae56331d3e4db88a6ae8d29a9881bb,doc/texinfo/plugins.texi,Top,curated-evidence-v1
term-v1-086,term-v1-390ca834889929fc5b132b25f5be2b8c5490b85e51b7c03670f4b0e3f4973d72,Plugin(MathEval),plugin(matheval),option_field_plugin,Plugin(MathEval),所有配置、代码、命令和正文标识语境均保留英文。,Gmsh 选项、网格尺寸字段或插件标识符；必须保持原拼写。,approved,two-independent-reviews-accepted,not-required-by-term-policy,4.15.2,1,8c1bab7e505366bf27eb5587f24f4efd5025643ca0bdd4535dced57e4466d73c,doc/texinfo/plugins.texi,Top,curated-evidence-v1
term-v1-087,term-v1-2eba798edf773c6dda4589a47151ec79d90a4704a2fef107aeae99dcd3434464,Plugin(Particles),plugin(particles),option_field_plugin,Plugin(Particles),所有配置、代码、命令和正文标识语境均保留英文。,Gmsh 选项、网格尺寸字段或插件标识符；必须保持原拼写。,approved,two-independent-reviews-accepted,not-required-by-term-policy,4.15.2,1,6cd79afab9062477edbb919c44c197243d2b321a72cf5ab8f2ce4e716aa788f9,doc/texinfo/plugins.texi,Top,curated-evidence-v1
term-v1-088,term-v1-21e293b79a599df2cf4732a3fff95d0ed649bcde24faf2c198daf2998185d5fb,Plugin(Skin),plugin(skin),option_field_plugin,Plugin(Skin),所有配置、代码、命令和正文标识语境均保留英文。,Gmsh 选项、网格尺寸字段或插件标识符；必须保持原拼写。,approved,two-independent-reviews-accepted,not-required-by-term-policy,4.15.2,1,d069bfde913300b303964f1475f3ba1c357b60b5988f5babe0a24e431c59aa17,doc/texinfo/plugins.texi,Top,curated-evidence-v1
term-v1-089,term-v1-a3ec2d7e1f4b4bfca19da86ab9a697fb82238757e721639562246824b0cf9236,Plugin(StreamLines),plugin(streamlines),option_field_plugin,Plugin(StreamLines),所有配置、代码、命令和正文标识语境均保留英文。,Gmsh 选项、网格尺寸字段或插件标识符；必须保持原拼写。,approved,two-independent-reviews-accepted,not-required-by-term-policy,4.15.2,1,d0d5281df95fdbf08eb6f4745dec2fa589a341d34304bd935ba22687884342f3,doc/texinfo/plugins.texi,Top,curated-evidence-v1
term-v1-090,term-v1-67972c7a386d65a049395f34f65b256e0b38f7607b82a31f6afe44e60320df4d,Plugin(Transform),plugin(transform),option_field_plugin,Plugin(Transform),所有配置、代码、命令和正文标识语境均保留英文。,Gmsh 选项、网格尺寸字段或插件标识符；必须保持原拼写。,approved,two-independent-reviews-accepted,not-required-by-term-policy,4.15.2,1,a19369b95bb782f0b11967bb386e210d5957905301b0d0500a71cc7ffee54a5f,doc/texinfo/plugins.texi,Top,curated-evidence-v1
term-v1-091,term-v1-cf8247ac02b919c4e394caa8b1cd27548437a810a8e50b6c129a741a6e50062e,MSH file format,msh file format,file_format,MSH 文件格式,规范字段、节名、文件标记和代码中保留英文；普通技术叙述使用中文译法。,Gmsh 文件格式术语。,approved,two-independent-reviews-accepted,not-required-by-term-policy,4.15.2,8,045e6d21498fad978c9c162d02c34a20d90b3801bbe0830627a410c38d5122c2 | 87273863b8ee07bb70dd6342286f84248fd1acc968704a908ab871e864716315 | 8a2df58d944e7bb1884231353ce70cd953798a16ea56f7ad9ef85e0bc61a8da7 | 94a1665d3da6841dafb698e6762e167f82a1aee7b8a69ecb819b1ced815d5404 | 99fd3c23d6b0ab91074ca548998e5619c4583b49a4a9c4060b13b1bcc7211f44 | c45f64d1a64515cf8c8863556fb229fbfeec0714611ff8dd5ee4dfd5a0446036 | c8224e49fb902c1e86000ed2d95362ba9bfec78fbe5a62b0a613b1a89b3fae9a | ee5ff2374286cc0539ec6e66abe939956007b16fe92eacb1acc3b3b3c42b1090,doc/texinfo/gmsh.texi,MSH file format | MSH file format version 1 (Legacy) | MSH file format version 2 (Legacy) | POS ASCII file format (Legacy),curated-evidence-v1
term-v1-092,term-v1-fe1ff622ed0bbdfab4bb2874da862cf687fd28421ac5b3ae5c1fbb8ee1dc92c2,ASCII,ascii,file_format,ASCII,规范字段、节名、文件标记和代码中保留英文；普通技术叙述使用中文译法。,Gmsh 文件格式术语。,approved,two-independent-reviews-accepted,not-required-by-term-policy,4.15.2,13,026538aa51354322a256caddc33f943275e2c945c8c3ef99a12cea85d11866c9 | 078b6af693764d88fb73521c1576618f9f5fc6812e0a68604a726aec2c66e4ff | 2b8a945c920f22529245c41847f4e1173db136da857eabe04c9bf0969e63649c | 2f13dbb0cad6a3b7655214b389f0fa801192e4cf5581d0649b5de3ca1a585194 | 39ab250de6351bf3f0a0ff06b2b56e9fd55bf3052d9670865cc5fde214ed5e32 | 83e4c5d7a8b39222e63772a4f29aac561c67e54ecb73826134264adaf793c439 | 8a2df58d944e7bb1884231353ce70cd953798a16ea56f7ad9ef85e0bc61a8da7 | 901501325cd0fb8ec49b3f3d0c78f7ca31984ffa4f809fc7ea6564b5e6a3b0ac | 93cd1b08d7c6a573b0deffe537db39d5691e83bf0ae5512d6d1a27c4eea29ca2 | 99e72cf1ec2b93911564b86e5090223df645295f4afbe90dd8cd0935c991e93e | a2649f104098befc6cbf168d51edf69bf5ca2f06f04daf89f67204546ce395fc | c480cdc4586dc7181152fd8255f4fa7386526d7e3a97bffe3cb2823cd04c49ce | f5957a47b4c79fc3cf99b13b45e4e0065829073135bedb1adc6baf76f40fd35a,doc/texinfo/gmsh.texi,Gmsh file formats | MSH file format | MSH file format version 2 (Legacy) | POS ASCII file format (Legacy) | POS binary file format (Legacy),curated-evidence-v1
term-v1-093,term-v1-eab3ea4559400c0d24dd8e7eb1727398a8eb09ffd74b19f9037644371aeeb99b,binary,binary,file_format,二进制,规范字段、节名、文件标记和代码中保留英文；普通技术叙述使用中文译法。,Gmsh 文件格式术语。,approved,two-independent-reviews-accepted,not-required-by-term-policy,4.15.2,21,00a4635100c58ab0c6306823b8b04061c1e6c1c42fc972b035bfb5fb55a04558 | 011cc22b496730a66ef810c4af19ef75a02c78f7f918110d71408bb7e3690654 | 026538aa51354322a256caddc33f943275e2c945c8c3ef99a12cea85d11866c9 | 10586ce87e872060aef96117ee4d680494a5760e3883fe7d4e40b48e6e22c583 | 1b8b3e992324d811c5785fb71eae4b0703bffddc2ae368eef7e4374f1beee880 | 2b8a945c920f22529245c41847f4e1173db136da857eabe04c9bf0969e63649c | 48fb26d1ece54613bd0425b2614499324e9b9733785919be14ccdf13ff6fa946 | 650ff2d66286b59dd56095ac4922448bc2a70a12ffe67b15128d5d4a7ba6c4e6 | 6be7750248a79edcb5abd3812c53624c257b74c99d17efa9d9a88cde22cff974 | 6fa366110aa0f8c7700eaf258061496970affe1c16b60b866aa739663fe5509f | 7f5cff2d32bd30ad57f0b602bf844caf8c8bc7baec2fa2044e72b25f7121b719 | 82b1e98f46ae6e01043e0a563be5ac8fc2496b82a974ad70c330d77b0cbbfac3 | 83e4c5d7a8b39222e63772a4f29aac561c67e54ecb73826134264adaf793c439 | 901501325cd0fb8ec49b3f3d0c78f7ca31984ffa4f809fc7ea6564b5e6a3b0ac | 96cb2bf59cb624bdcdec1268d3813a8d828e5b3286d56ee79fa5c38a76be4121 | a2649f104098befc6cbf168d51edf69bf5ca2f06f04daf89f67204546ce395fc | af5014c2bf318a591d46f9b5412345795e22cf49f08f3f7b2d47ada33bdfe693 | c0f9e01dbb9c1343aeccaded086ba1fec55e7d54449ba94683d6fe6fd5633c0d | dcc976a5b64629e75fab595cd2bbd73e93d65e4e5e3cf55f36e8f976f8a52c1a | e1ab56d1c2eb3d9a773aff58f960208ba7fdd8473d5c5ab74e12a1a531f4608b | fda922beb6afcf26f1cadc11b356621617a366e47805a823b50906be07e0fe2c,doc/texinfo/gmsh.texi,Gmsh file formats | MSH file format | MSH file format version 2 (Legacy) | POS binary file format (Legacy),curated-evidence-v1
term-v1-094,term-v1-d30ac44fea4a5958df0b6af0c47b51014cf9ae1981bfe4ec160b86dd6d04d9d4,node,node,file_format,节点,规范字段、节名、文件标记和代码中保留英文；普通技术叙述使用中文译法。,Gmsh 文件格式术语。,approved,two-independent-reviews-accepted,not-required-by-term-policy,4.15.2,74,03707fa893da6dc12cd35d2f71e4b00843bb86cbed42e81f3e388d421e84e02b | 03e7d98eebf94392a5473b3779bf13fa4b5d76803659242033cfdaa8fe6f4d4e | 08a1cc3b0e53394a0a8006ec59e957443cee86d94da459a8bff0b41b94b2b74c | 0a8dbf089d97f1b6745df548ef524ec4078e5a4860c5c185a947ce3f10acbe76 | 0be89b024f86953ddf2ca5a3782f28f71308aadd152a5bab7b584648607ee6dd | 1896fbe7e76d0e146adecf2874f7f606f1a18ac072f752925ce4e4fc00573061 | 1ddbf66f6e0694c1cfbebdba1e625103e626aea8dda00572b09d1936d4a7b4d4 | 20b30bd4657eb8ad366113c9a1478bc677d942437cf1c18551577209341708f2 | 21a150d1a2f9ebe7c8cbe1024b79d5995841f26dc91bdffc094754a9653cc801 | 278304ca6a7431074745b0f3f2b1162a02c9393df747fabbb584f480f948ded2 | 27ce2fe187cb2b5caf2422e51f5a51526c305c98ee0df0fd837af6028e52bae4 | 2a8a92298cd83bc2d9d2eeaf1b865ef4d7bf41b939f06dfcd2af8fea7a2e54ca | 2c83efe4b3bffa1b01dc8c338a299589fad6e88c009f3cdde6d6e75d0361aa21 | 2f30cad8af847bea46c3a9ee26e654a2007c939bd54d4633d326e7abe05660e9 | 34657901dddf8681e78a78f823de9f43012c3e349fff723ebefb02d309daf508 | 348f139821d6ca52418ca9ff2f918b612762a396d14a35d076d3d3dcb929dc6b | 36106b78075f9bcbf368f48eea4132e8c749b31a6f23947e450bfed080080f82 | 36f1333537591604242964162d2eb4fc4f0f72f7a2940ab9f88e0bbe2c150eda | 38a0ef64c1d15533d19eed811a776400cecbb43e3f56d8b5558ea6ba5c7a81ea | 397c39b61c379ad92ebcce2d04b02a3b2bc1d55ccb50ccdec4f5c65724d6fe09 | 3d91f1450444368083e7501d5326e24cc273606c12f50120564b22d8f61004bf | 40bcb6eb2328c3c98e1538c63e8b0ea0c61f1d3511bfd67cbacaff058f6beb02 | 47eea64fe4759d412887e560831a00b5aac9f735f2ae3f59017db7e294f9370d | 50707b3b0b0513c8bf8f0152d6d5e6f38162862b259e22f1cce4cbe75ebf670c | 512b16962fbd7c5ea17cac59b772547fbe05bba808209750a6c7a755e8201f28 | 543ce99c287271b16ececc864097d36652128a14c1b712dd677defd081f9c179 | 5dc763e87eed4e8a3538cdaa2ece09e34319a36f4628f576f962e450dcd2b5dc | 5e4464146f34838f78d72d659289fd5d871b3e0466101dfe4a3156f4605b6c25 | 66ad614731d32d54828a455740ff1b42b48e51a3b1ce125f6717299c911b7070 | 69766972d4f6916b82e412fc58a56845bcab4e352c74f03a14d5fbc64c8598f8 | 6a452510f40f48048a28a8b9537580bda91cd3603556802edcbf09337a508ec5 | 6d9e125db069f6cc54eacdd3f7e3b346d62db4eab0758a6d5564bfb758684372 | 72fb058d365496bbe228db708419470c357a5b8da9f0b195d117689359c7bbaa | 79c82c751c3724da48160e9bf2ff6c262bb9362944ae2d7b9fad3759d3a2698b | 7f5cff2d32bd30ad57f0b602bf844caf8c8bc7baec2fa2044e72b25f7121b719 | 81928e4e02f43f34c890bfaff8cfb16d87fe9483225ed5efb3c2b6f9556df687 | 82acade8020e1b46eea8710327cf933aac9a84d3a11f107cfa0a554125abfda0 | 844ed5afb3c9e42b5cd95277117448c80ecc2e9ac919477d4c809f65ffb60102 | 84aedafc5823780aed864a9c128e3e1c95d794d4773febe1b30e297150d2bce2 | 85429788586cbacaf173e0966027604bf913c1518cf09d5abf3e7204de686c26 | 88b5b1b608aa2e6df332e4e01bb095ab2d80df57664d877d805b5d2431ef192f | 8ef6cc4b81c25c360667921dca4490579e61c3aac1bf569ac9f9f664ea6e6b2e | 8f3396daa4969f266cecdd3244a35e20eaae6dd86c81f2dfda479e15b0bd3b37 | 9110006203b769127c8d91d360f506f040b7149ab0681419bd875418e20a279c | 93073cdfa995e2c6e4b49d7dd68a1be2a38273a6b9780b379d9d2c9f48b90e8a | 93521f3c15fffb857aba235fc9cfae7f72038dcc93ce3293adf7c7b1c49c5974 | 95a31566cf591b694470d072856e52d9d36f609d75813b39ee2d3aa7186288a3 | 96cb2bf59cb624bdcdec1268d3813a8d828e5b3286d56ee79fa5c38a76be4121 | 997043bcfd7eac159154e37b213aeefaaf95b5c8cbf6a37a2d4b54b3f4301615 | 9a17dfd1921653b11b199ec9a4ffa6b5f6e3b5811039480629c7f1c0968e53c6 | 9ef122dd2cc6de6ace1dc484fee45ad34c561f5bfca019fbafeeb0024acd38c8 | 9f5908ca2c60d4fcff1cb74f60c7d5f7ef10e7b5f19feb1ed50ef6bc9f5fcae7 | a6607781e59f9c7fe05857a3c8362dda4f26425141ea25da3174321d92690faa | a6d16c1c655e3ebac04d6a05960a954f2a7f5d31bb86e1a56d2150de02d28561 | aa9d60cb1b83965220019b7387e0ba2135a17e4de71ef4c53fb1d9e57a4642b7 | ae50bd0c911f155c111bcb8fcbea8400750de7eb65c90f6b6c98e68338b5c23f | aef63794ba1664d7e2d349d00dc32ffbb04c16fed6e30f9b13bd35c085c333b3 | bce0af7596073379deeb445bf44123bf5626fce85640296a53d9fa6d08edd10d | bfc31feae82aa138cc4e9f92875d470f5b999bf920ec5ca1124fa56460ae7eed | c2832e088fe1f9646612b2861c1aa3ed2d7c954c0ce88e78237bc3199ec088fe | c414a3102e082ca1c4c1ab5b12544d9f1a0c518fda774d3afe28905618c2ad7c | c434bc9ca8d0a96f215bc145627dc9e8597606ed0ad9c7ef94102fe44d879810 | cb4b3989094a6a26f75d3c0f8ed2a21ab54f9945cd802af5a4456673370d8512 | cc37a678f7edbc0a1a205c2f5a9f49c8a94c29addecac4dc6c6398914a3a6192 | ce3611a4f29eec1747dcf67e0e11a687a013a3b9c395d53ab43275fd3e098a35 | d44444c7cdfa785ead67a0a2afe74317dbb36a66e56a49d44362f9f1795012dc | d8999052ff0a5cf2a9a893c2547b046fb6ad18aab3c0445ecbb54ed3e95bed1e | db30221dfaa61b0151e17aff199e70524962092651b5aee122237b34a8d677a7 | db88783ac9b56219683da603e34fb119cd0067fc34f49e4feb3216b57a8a7677 | dba5d20d5034f1f9b184fa4d2ef7ffe26847a346916205ca3880c5d054289f4d | e4fdd65d73ba85b445c995acd96ae649ac11a9d388754d4bc27105ed803ba2bf | eead8da1da3e60252aeba497fb75248242b293d67669e8934aa81b6c3a7d6890 | f04f8646ffcf9a753003c322e1edfc7983752f2fc820392a6d44556e3a210535 | f3e0fe4189abb7aee06533c06a74c0b334ecde03f5586664fbc4ec3fcf7aa932,doc/texinfo/gmsh.texi,MSH file format | MSH file format version 1 (Legacy) | MSH file format version 2 (Legacy) | Node ordering | POS ASCII file format (Legacy),curated-evidence-v1
term-v1-095,term-v1-2d08f022a2927c8d8ac264526aefee40d0ca749b8d5cc302b933371da0a1d8c9,element,element,file_format,单元,规范字段、节名、文件标记和代码中保留英文；普通技术叙述使用中文译法。,Gmsh 文件格式术语。,approved,two-independent-reviews-accepted,not-required-by-term-policy,4.15.2,27,045e6d21498fad978c9c162d02c34a20d90b3801bbe0830627a410c38d5122c2 | 065eaf382b7b489e6469a1d0e0ac8c75bd3b18a86b3ded22ad63b4c171b5a01d | 15a5648be5e393d625d04b52bc03cb276fac0d685e72881b506b411608973059 | 17c892bc7a7a19256ae6f2f71ed40eff0bac2329eb17a0ad4a5d89e25e6a2b9c | 18cfa33572294ae00da2dcd1a8de1716586853eb287512fc09eeb75098e27218 | 1b8b3e992324d811c5785fb71eae4b0703bffddc2ae368eef7e4374f1beee880 | 1ddbf66f6e0694c1cfbebdba1e625103e626aea8dda00572b09d1936d4a7b4d4 | 274cbf47ae2d85ee9df28662be03453e6918fbeedfd2f63387fec4ee048e368c | 36106b78075f9bcbf368f48eea4132e8c749b31a6f23947e450bfed080080f82 | 47eea64fe4759d412887e560831a00b5aac9f735f2ae3f59017db7e294f9370d | 5827398c1c1ff6029e582a92e6804a9939d72cdcf1cc3d70ba320eb8389c86bc | 646aa03f3104879fc3fbc4dbe96d883316291be570d6fb4cb1495efe25113153 | 654d6997abd87d2a9652f9fade04d63d3fc3a4764f7128481a74df312896f7d2 | 6a452510f40f48048a28a8b9537580bda91cd3603556802edcbf09337a508ec5 | 6cd589e2adc130985970a18ac1be22966d1eac377cd86cbf2bdfe64d4b1a7549 | 79278ca76ddb8b2169a35cd3291ee61ea433e8dfc4a901edf55435bf143fd29b | 7f5cff2d32bd30ad57f0b602bf844caf8c8bc7baec2fa2044e72b25f7121b719 | 844ed5afb3c9e42b5cd95277117448c80ecc2e9ac919477d4c809f65ffb60102 | 8ef6cc4b81c25c360667921dca4490579e61c3aac1bf569ac9f9f664ea6e6b2e | 901501325cd0fb8ec49b3f3d0c78f7ca31984ffa4f809fc7ea6564b5e6a3b0ac | b366c848b3510dd5e3da232e44018fd058c68d303dd30499bcfad35ef9e253cc | be04fbe16257d6d624242199a4340626d0a4afff76888a3d8d5c854c48e42070 | c435d45b693a316a2ae8a22c3485ddfbbff8dd448f7fbb6ae81cbd7924520761 | dcc976a5b64629e75fab595cd2bbd73e93d65e4e5e3cf55f36e8f976f8a52c1a | ee326bd571ee6558bd737afe957932cd9ddc7a03f67de60693bbe2e7724b1a3d | f3e0fe4189abb7aee06533c06a74c0b334ecde03f5586664fbc4ec3fcf7aa932 | fbb4afd1c80164ba0d11ed13f82d2e3370e83e04e1830d9f9e76ee50d9ab17b0,doc/texinfo/gmsh.texi,MSH file format | MSH file format version 1 (Legacy) | MSH file format version 2 (Legacy) | Node ordering,curated-evidence-v1
term-v1-096,term-v1-fbe48fd1ef1879bb13cd8b4181c83fb0693c3b6d09e474fcafed7ffa8f5a44c9,node ordering,node ordering,file_format,节点顺序,规范字段、节名、文件标记和代码中保留英文；普通技术叙述使用中文译法。,Gmsh 文件格式术语。,approved,two-independent-reviews-accepted,not-required-by-term-policy,4.15.2,7,6a452510f40f48048a28a8b9537580bda91cd3603556802edcbf09337a508ec5 | 844ed5afb3c9e42b5cd95277117448c80ecc2e9ac919477d4c809f65ffb60102 | 8ef6cc4b81c25c360667921dca4490579e61c3aac1bf569ac9f9f664ea6e6b2e | 8f3396daa4969f266cecdd3244a35e20eaae6dd86c81f2dfda479e15b0bd3b37 | 93e61f63d124645f30ede457ffc8cf88730c5a7fd710e3bf05f29d19294136b2 | 95a31566cf591b694470d072856e52d9d36f609d75813b39ee2d3aa7186288a3 | a6d16c1c655e3ebac04d6a05960a954f2a7f5d31bb86e1a56d2150de02d28561,doc/texinfo/gmsh.texi,MSH file format | MSH file format version 1 (Legacy) | MSH file format version 2 (Legacy) | Node ordering | POS ASCII file format (Legacy),curated-evidence-v1
term-v1-097,term-v1-d8e59b1562135b49a3de9ebf43a57de4c2edef8c290344ec745c482d71a55970,physical entity,physical entity,file_format,物理实体,规范字段、节名、文件标记和代码中保留英文；普通技术叙述使用中文译法。,Gmsh 文件格式术语。,approved,two-independent-reviews-accepted,not-required-by-term-policy,4.15.2,2,b366c848b3510dd5e3da232e44018fd058c68d303dd30499bcfad35ef9e253cc | c435d45b693a316a2ae8a22c3485ddfbbff8dd448f7fbb6ae81cbd7924520761,doc/texinfo/gmsh.texi,MSH file format version 1 (Legacy) | MSH file format version 2 (Legacy),curated-evidence-v1
term-v1-098,term-v1-4c9824fce5a2782478d0b868066c1e12fe1035ae314d0fc2d43f51aa586bdfca,elementary entity,elementary entity,file_format,基本实体,规范字段、节名、文件标记和代码中保留英文；普通技术叙述使用中文译法。,Gmsh 文件格式术语。,approved,two-independent-reviews-accepted,not-required-by-term-policy,4.15.2,2,00a4635100c58ab0c6306823b8b04061c1e6c1c42fc972b035bfb5fb55a04558 | 646aa03f3104879fc3fbc4dbe96d883316291be570d6fb4cb1495efe25113153,doc/texinfo/gmsh.texi,MSH file format version 1 (Legacy) | MSH file format version 2 (Legacy),curated-evidence-v1
term-v1-099,term-v1-faa8b0da621b8b263098ae0c014d3f11212ef1d84c0ad931f1f76b3e28b7eae2,partition,partition,file_format,分区,规范字段、节名、文件标记和代码中保留英文；普通技术叙述使用中文译法。,Gmsh 文件格式术语。,approved,two-independent-reviews-accepted,not-required-by-term-policy,4.15.2,3,18db21068feba87b73ca09c6f48a98407cd41d9ac5ac5f733f8b00f516f49623 | 349f0047ddd089cdc88b0b7c7e52273a703d88bf26564d55e99b92b13920c5fc | b366c848b3510dd5e3da232e44018fd058c68d303dd30499bcfad35ef9e253cc,doc/texinfo/gmsh.texi,MSH file format | MSH file format version 2 (Legacy),curated-evidence-v1
term-v1-100,term-v1-15dfc0ccf7d49f93aaad0cb2ab1763d0472812a258e2110121bcf7eb38a76704,floating point,floating point,file_format,浮点数,规范字段、节名、文件标记和代码中保留英文；普通技术叙述使用中文译法。,Gmsh 文件格式术语。,approved,two-independent-reviews-accepted,not-required-by-term-policy,4.15.2,8,10586ce87e872060aef96117ee4d680494a5760e3883fe7d4e40b48e6e22c583 | 23242ad00dad309ee89acc3144de80d4801c6ec0150b42e7225e3325962eca19 | 2b8a945c920f22529245c41847f4e1173db136da857eabe04c9bf0969e63649c | 34657901dddf8681e78a78f823de9f43012c3e349fff723ebefb02d309daf508 | 348f139821d6ca52418ca9ff2f918b612762a396d14a35d076d3d3dcb929dc6b | 96cb2bf59cb624bdcdec1268d3813a8d828e5b3286d56ee79fa5c38a76be4121 | a2b818d2be97faa36812340ee5389d47a3bc2c88b1c8e2cc1581331d05a147de | ceedb91f9260e3441bb97efe5585a523857179bafc81a149bca1a9c161687e67,doc/texinfo/gmsh.texi,MSH file format | MSH file format version 1 (Legacy) | MSH file format version 2 (Legacy) | POS ASCII file format (Legacy) | POS binary file format (Legacy),curated-evidence-v1
term-v1-101,term-v1-3fac7ac57058775d87d74f417d803e967326d10f920357df81bece7106fefc0c,double precision,double precision,file_format,双精度,规范字段、节名、文件标记和代码中保留英文；普通技术叙述使用中文译法。,Gmsh 文件格式术语。,approved,two-independent-reviews-accepted,not-required-by-term-policy,4.15.2,5,08a1cc3b0e53394a0a8006ec59e957443cee86d94da459a8bff0b41b94b2b74c | 5034e9b753435b7746f9dd998ea7002e528fe275acc7d8baec03f71b4103a4ea | 5e078154ea155e2e4bdaa7af4efd4cbe1f91da46cc568abc0107e5f033d4a652 | 735e21940c24f4564b41751058c67a86780dc80139b6f6e7490e32c2c2ae2e14 | 9575a961c15a32431f13ce602dbdae3ba5b2663391d23556f03b585608efb318,doc/texinfo/gmsh.texi,POS ASCII file format (Legacy) | POS binary file format (Legacy),curated-evidence-v1
term-v1-102,term-v1-97956abd4cf1a7bb0f1c0266a02de35db4429cd62e70143e383bb0d3885c8ac0,hexahedron,hexahedron,file_format,六面体,规范字段、节名、文件标记和代码中保留英文；普通技术叙述使用中文译法。,Gmsh 文件格式术语。,approved,two-independent-reviews-accepted,not-required-by-term-policy,4.15.2,8,512b16962fbd7c5ea17cac59b772547fbe05bba808209750a6c7a755e8201f28 | 543ce99c287271b16ececc864097d36652128a14c1b712dd677defd081f9c179 | 6d9e125db069f6cc54eacdd3f7e3b346d62db4eab0758a6d5564bfb758684372 | 93073cdfa995e2c6e4b49d7dd68a1be2a38273a6b9780b379d9d2c9f48b90e8a | 9a17dfd1921653b11b199ec9a4ffa6b5f6e3b5811039480629c7f1c0968e53c6 | 9f5908ca2c60d4fcff1cb74f60c7d5f7ef10e7b5f19feb1ed50ef6bc9f5fcae7 | aa9d60cb1b83965220019b7387e0ba2135a17e4de71ef4c53fb1d9e57a4642b7 | bce0af7596073379deeb445bf44123bf5626fce85640296a53d9fa6d08edd10d,doc/texinfo/gmsh.texi,MSH file format | MSH file format version 1 (Legacy),curated-evidence-v1
term-v1-103,term-v1-06dc4079558c92f804d50f56f7855ff33390074a2545ed4fea0514439bb1a43d,tetrahedron,tetrahedron,file_format,四面体,规范字段、节名、文件标记和代码中保留英文；普通技术叙述使用中文译法。,Gmsh 文件格式术语。,approved,two-independent-reviews-accepted,not-required-by-term-policy,4.15.2,7,278304ca6a7431074745b0f3f2b1162a02c9393df747fabbb584f480f948ded2 | 66ad614731d32d54828a455740ff1b42b48e51a3b1ce125f6717299c911b7070 | 88b5b1b608aa2e6df332e4e01bb095ab2d80df57664d877d805b5d2431ef192f | bfc31feae82aa138cc4e9f92875d470f5b999bf920ec5ca1124fa56460ae7eed | c414a3102e082ca1c4c1ab5b12544d9f1a0c518fda774d3afe28905618c2ad7c | d8999052ff0a5cf2a9a893c2547b046fb6ad18aab3c0445ecbb54ed3e95bed1e | f04f8646ffcf9a753003c322e1edfc7983752f2fc820392a6d44556e3a210535,doc/texinfo/gmsh.texi,MSH file format | MSH file format version 1 (Legacy),curated-evidence-v1
term-v1-104,term-v1-f7361b322767cd85acfee0361e7adc23d06405dd612ce3655857ffcc296e0301,prism,prism,file_format,棱柱,规范字段、节名、文件标记和代码中保留英文；普通技术叙述使用中文译法。,Gmsh 文件格式术语。,approved,two-independent-reviews-accepted,not-required-by-term-policy,4.15.2,6,0a8dbf089d97f1b6745df548ef524ec4078e5a4860c5c185a947ce3f10acbe76 | 1896fbe7e76d0e146adecf2874f7f606f1a18ac072f752925ce4e4fc00573061 | 50707b3b0b0513c8bf8f0152d6d5e6f38162862b259e22f1cce4cbe75ebf670c | 9ef122dd2cc6de6ace1dc484fee45ad34c561f5bfca019fbafeeb0024acd38c8 | a6607781e59f9c7fe05857a3c8362dda4f26425141ea25da3174321d92690faa | ce3611a4f29eec1747dcf67e0e11a687a013a3b9c395d53ab43275fd3e098a35,doc/texinfo/gmsh.texi,MSH file format | MSH file format version 1 (Legacy),curated-evidence-v1
term-v1-105,term-v1-52b5e6d15480e220f4382fd63249229280e3e9528f8ed112f85b2b873504ca63,pyramid,pyramid,file_format,棱锥,规范字段、节名、文件标记和代码中保留英文；普通技术叙述使用中文译法。,Gmsh 文件格式术语。,approved,two-independent-reviews-accepted,not-required-by-term-policy,4.15.2,6,0be89b024f86953ddf2ca5a3782f28f71308aadd152a5bab7b584648607ee6dd | 93521f3c15fffb857aba235fc9cfae7f72038dcc93ce3293adf7c7b1c49c5974 | 997043bcfd7eac159154e37b213aeefaaf95b5c8cbf6a37a2d4b54b3f4301615 | dba5d20d5034f1f9b184fa4d2ef7ffe26847a346916205ca3880c5d054289f4d | e4fdd65d73ba85b445c995acd96ae649ac11a9d388754d4bc27105ed803ba2bf | eead8da1da3e60252aeba497fb75248242b293d67669e8934aa81b6c3a7d6890,doc/texinfo/gmsh.texi,MSH file format | MSH file format version 1 (Legacy),curated-evidence-v1
term-v1-106,term-v1-d6afda0c92bc279120aa8ec65b49359bffd324cb8d15fbe01545672148928966,quadrangle,quadrangle,file_format,四边形,规范字段、节名、文件标记和代码中保留英文；普通技术叙述使用中文译法。,Gmsh 文件格式术语。,approved,two-independent-reviews-accepted,not-required-by-term-policy,4.15.2,6,2a8a92298cd83bc2d9d2eeaf1b865ef4d7bf41b939f06dfcd2af8fea7a2e54ca | 2f30cad8af847bea46c3a9ee26e654a2007c939bd54d4633d326e7abe05660e9 | 36f1333537591604242964162d2eb4fc4f0f72f7a2940ab9f88e0bbe2c150eda | 38a0ef64c1d15533d19eed811a776400cecbb43e3f56d8b5558ea6ba5c7a81ea | 40bcb6eb2328c3c98e1538c63e8b0ea0c61f1d3511bfd67cbacaff058f6beb02 | 85429788586cbacaf173e0966027604bf913c1518cf09d5abf3e7204de686c26,doc/texinfo/gmsh.texi,MSH file format | MSH file format version 1 (Legacy),curated-evidence-v1
term-v1-107,term-v1-dc80af0fa088f39090db809e914bd7806ae18bfe030adb55bbfe2c0cc546c79e,time step,time step,file_format,时间步,规范字段、节名、文件标记和代码中保留英文；普通技术叙述使用中文译法。,Gmsh 文件格式术语。,approved,two-independent-reviews-accepted,not-required-by-term-policy,4.15.2,3,0bebcd88b0f1e666fe756c8a1bb5b67a5a4b7d6f2ebc7e3a5f0eb2df0031e873 | 18db21068feba87b73ca09c6f48a98407cd41d9ac5ac5f733f8b00f516f49623 | 349f0047ddd089cdc88b0b7c7e52273a703d88bf26564d55e99b92b13920c5fc,doc/texinfo/gmsh.texi,MSH file format | MSH file format version 2 (Legacy),curated-evidence-v1
term-v1-108,term-v1-f512c66d6923cd4059c1821a685f19117d2005dbbc76305a43673ab7713fd946,interpolation scheme,interpolation scheme,file_format,插值方案,规范字段、节名、文件标记和代码中保留英文；普通技术叙述使用中文译法。,Gmsh 文件格式术语。,approved,two-independent-reviews-accepted,not-required-by-term-policy,4.15.2,2,46a957fb63dfc6f457e2d3049bca2559847c3a7a910d4ac2a9cc760d8f6ce26e | bac1e6dbb9c12f1f8e523cf276d26e402d0d64dbafd1c845586cd9e725d8abec,doc/texinfo/gmsh.texi,MSH file format | MSH file format version 2 (Legacy),curated-evidence-v1
term-v1-109,term-v1-bab645bc48deeafe1f5882faf80fbd0f42a43aa15d064dd280b5c73f4259a04e,element topology,element topology,file_format,单元拓扑,规范字段、节名、文件标记和代码中保留英文；普通技术叙述使用中文译法。,Gmsh 文件格式术语。,approved,two-independent-reviews-accepted,not-required-by-term-policy,4.15.2,4,15a5648be5e393d625d04b52bc03cb276fac0d685e72881b506b411608973059 | 274cbf47ae2d85ee9df28662be03453e6918fbeedfd2f63387fec4ee048e368c | 5827398c1c1ff6029e582a92e6804a9939d72cdcf1cc3d70ba320eb8389c86bc | 6cd589e2adc130985970a18ac1be22966d1eac377cd86cbf2bdfe64d4b1a7549,doc/texinfo/gmsh.texi,MSH file format | MSH file format version 2 (Legacy),curated-evidence-v1
term-v1-110,term-v1-4048b0af63f8b99dcec7c0f0353ee095ab088605a31cc6cac613ae9b653e3b40,file format version,file format version,file_format,文件格式版本,规范字段、节名、文件标记和代码中保留英文；普通技术叙述使用中文译法。,Gmsh 文件格式术语。,approved,two-independent-reviews-accepted,not-required-by-term-policy,4.15.2,5,94a1665d3da6841dafb698e6762e167f82a1aee7b8a69ecb819b1ced815d5404 | 99fd3c23d6b0ab91074ca548998e5619c4583b49a4a9c4060b13b1bcc7211f44 | c45f64d1a64515cf8c8863556fb229fbfeec0714611ff8dd5ee4dfd5a0446036 | c8224e49fb902c1e86000ed2d95362ba9bfec78fbe5a62b0a613b1a89b3fae9a | ee5ff2374286cc0539ec6e66abe939956007b16fe92eacb1acc3b3b3c42b1090,doc/texinfo/gmsh.texi,MSH file format | MSH file format version 1 (Legacy) | MSH file format version 2 (Legacy),curated-evidence-v1
term-v1-111,term-v1-38626f8acef37e7a836ac7562c83e370a4517210517c7a457952d5d2c5ce8428,mesh,mesh,mesh_geometry_solver,网格,API、脚本、选项和专有名称中的标识符保留英文；普通技术叙述使用中文译法。,网格、几何或数值计算领域术语。,approved,two-independent-reviews-accepted,not-required-by-term-policy,4.15.2,232,0088889d9fda76c918c419369b8b7b2215a6431c78b65eecdd20989e16e97f13 | 031622d2f0571c9f944e1d3375e8d9987c72d33b9307f9715d1b811af0222201 | 037b9ea0ce9b95ac00e46eec5d0e9973b2fab62a595ab31bf09917b89b68e81f | 03c5471cc2d047639c32c489b965bba9b769b793b08d293e2f64ffad8d46a6f2 | 05b5f405b698258d823f0baa2e56ab9228bd8bf63f86f88f8863fac22383ef7c | 06f60c3da688e4e05fd1b1ad4128a8158ae824b36e4b8df737fa59e770f8a113 | 0700414efe5bb97a760fc7659954da34a47992178e438817521fecad1ec1da87 | 0972535fd23e66b1ec7e2dbde34f1add8177f8570cc2f4db45411771b1ab93fb | 0a9c3f2e9515acbdc90d0adc608a6ed32b4ebdad5db1606d3e6a083a506ce3ba | 0bd6f5829af68fbd1811e93d6a86e96472bc55f1439e74f3e027372b7a88fc50 | 0db0ef1b59bec8c18190f93fc64184b074d3f0af6592508b54b2052acdf7187b | 0dbeff882269988fbd959481dc5ed6c6f4f26f59db18361e7e802a3e7505875b | 0de4e0c5ee13d3f4d7321e59e0fc513ba1480a2c9f1a340a2a1cda33fdd12be6 | 0de97a5338ff2f4976bf143ea029291c33fca73db65722b852d830c2ec8edf08 | 0e0a069e2d54d067697054b50b0101b83a89038df456898437e9881b3fc0b5a2 | 10281b0e079241eab10829c3df50c2d854e736c7c2aab82293b9025ab7d60572 | 11260e35d885a3fa3c69de7e9435b34b680b6e6e59ff701aa391abe4e5e61569 | 12dfbbe1b289ea4931d17a3e5c577da035551c361b372b7a607c10ea6febf640 | 16fe5416fea81b60d4d0705adb3aba2385350b82d8667b8ec304f2bd38096ea8 | 18d7f30a67206bcf45ec8b5022e94c27a393d906130aaab81cf6c6312612aeb4 | 19ac13a19b18ec55f51edfec105b53ff95e79ede122268abef879791bde3ffcd | 1b3caab373b57e6e94f71aa56e59374b77f930993eb2913469407400e1f9735d | 1b9853d84faaceff1f2bc4e5d87e8dcbfeb20fe4ece182a2c8b640ee7d201eff | 1cc79eeb26beb1b2699052f8459b708778ff70799efffaf34b67cc67d5e07e97 | 1ce6ee602b0accdedc7c5fb78c9e6232aafb0487680ed48f63eb181ec016cad8 | 1ddaffa7de5398ef234dd18b509342e711e3efcacfa89261ec945365bd066d7d | 1fafdbafa291762f441615b206a28c7ce8c57795db9fc7d0deb21b347383b22d | 206818c66a10e7da38df1d291dc9b49d0c2c023cae0c556708efef11a868167d | 2185ffbd74b4813624c80f5c3433c8376b49bce7c28fb8cd1bd873ba81d9edeb | 22c0c03d4db460b78ba0040760a9e4b98d477cf5ac6d65c5131a86915fdf9763 | 23827535d771e33529885948519300513d4f2f363b16b6f1d4f439a869a42d37 | 2555c798480a74cd29e19636fa821c3732b34d8add63684126925d0514bace5a | 27001a9897b410a9e51fc12706ae3e16a8efd7201b2dc78854a007a9e3916950 | 286f4afa64012078d71ffe887ed4f09301aa03e24cc9ed7535c6d9c15f341995 | 2883d9340f7f84142775b4973878aa6dcd753d6bae690f785b0972072fdd1036 | 28c1f034eb321f36d668e79fcf076dcaa5b2c0c43a5dadef99170f0b2d96daaf | 2aa2ed13a013ecf995639a040ef12b84df099de67ae58a776cbed54bb9e51b93 | 2afb035121c249f757e110b1dc0840ca5580bcfe3715d987a8ee880f9f319056 | 2b716817d5e4f6e6a90af19376e51114430f3244b6ac1f3d4613708780e876ab | 2bc41d7127b81cc9bc2599c82b84b36a9a0cc06787c09b10c9cfd4fdaa883e2c | 2d0f6febc9cfc98c2cf730282d6477cc49b0db74763a44ec641deb7c54d6814a | 2d21c4954281958d6d4b59c3a19faa495c372aaf90c5dd2bee85342652f005e3 | 2f5f734edc40c2415b014568276372844484bd0bd24f3242e038c7ecb7f29dea | 2f7160b7d621cf34053e7803634b947f503542b1b3766424edbb756455e83923 | 304e1483d5ee5f6b8528e94df7e0dbcee804196ecb8ced0f843a5ab4078f6808 | 3078f5acd6e228c07b31d8ef5f923d771902cc993a98de2383347b918dad1deb | 30c9f932ee12a5f638ae140f0ac937534eabc09087e6e07d3ebe008bc87f4785 | 310d3b4c9f9dba05e17b3cc43825b0ea71e46c4e528d592a07a7eee677b7a6f0 | 317d6c71a0c23630be49798fc50efc3e7d6c63e54056f02c22e21ad5b67038a1 | 326c26be9fc702d68cdecc1cd48428346e63719778e7d40d75b43ce0c8e31f2c | 3394b9311cea7c50791a174ca74144b39ededf7aa86c65870aedab02224763c6 | 3504348cdebb34a424f57ff34e34db6254ccd3c5c516063a3b4d90ff5428fd66 | 37263892dd48cc719abc8b11c33df78f01c882e6020e9d071f5c64cc25a0fe6f | 3819f986d5121b906ed3d60322acdd45dc5865af22c9dc3b1918640d0a9bbf66 | 384bdc4b977af42545e5c6697b580162c861300e4bed5e19f2b12d5a82d2a04b | 38b17624777207e74781f10cd00acab0a4a955fde3d8a18ccecee2ada338fe0f | 39220f256f2e7989a4408f9b84ebe8f7f85424581fe3e29a1a598dd08c7e760c | 3a0d856d2dc016cc69d144e9d1613105021ba5489f4b9ab0435baf10af6e5b97 | 3a835e148d4bb7f67122166e905784cd25d055e037493f88b1e025eb6786da6d | 3df7112e74a98c76bb65321e325510b71ebe66c7c8bf0a82df234c9cb672e462 | 3f3ee65309510f725158d3f0d33fa6e1462e7dc3b430c9ae293d4aa91bfc21e6 | 3fa842ebbadab8fdfd60a357b86bf2a8402de98182cb4dcd53b5016f24bb793d | 40d187734158533bcf9be04033523198da7790d743b50024bc8045c3f81f53a7 | 432c4255df082e7cb38b65fd87d06e5a9aee258b3c0e48dcadf2fabc30e7bf53 | 433c9d4f97b19e2af68054d462b1afec1018f7c373b7cf7a30a95132ce15bc59 | 43b58c5169ee06368e3d864b2bb4065c3d781093a5a9d1b53c143c7329a4689f | 457af8ddac11c4beb393a30e644952208b57417a27a833c8222adc0c97bc9142 | 458e6a43f1d50c4cb000cbea77c7bef17072d9b0650fddbdac9c0fbaf2ed96ac | 45fc6b1fc9f21a8f0206df2a5a5e79dc767c7bdadedcb8bd8c43a9df7f4426c5 | 462c90056a09fcdf4e5ac0ddaf90fad6a6e6e61385e1b4bd90c43c3b4a029b2d | 4847c98fd36181fee9cbac76d982b575c99b3c4774df7a3ba5735baad06aae82 | 491deb68e48c02cba3028c77091152cf8f3595c9710df2bd535e7e1d8c2116e9 | 4abc84ed4e7897a9c687ee1bb2501c9fecf9f6744ff9923d08d2ddef9fb14c7c | 4bce21de7ab6f1daa6d72abddb43e04d9ca398d7deecc97e466073f4134c1df1 | 50eac16a590a672c45b48b13d558ba8c68353b94121be4ac7231010a1b8f8714 | 526e89d5218a0aa1a5d3aad9b7ce4c5ba89dad047ccc2553732c018ad5dc44ae | 52cef8b9735fa4cdabc58ca562f51ae9fe7907a4923b2e3c5bf1c84c2aba1ecd | 5557a41ea3a449491d2b0e3baa62eb95846a4f7391e08e613516ba96c5dccee1 | 55d6f5b8114428edab5be1c0c317c45846d79461e4b3e1556c57bcca05c84d85 | 59ce14117210ed4d4594ebfea945e45eeb4b513ce1f90e6655da8e2fb560b737 | 59e08248fe36bbc52fce040a67da4b5362842bf2679ffba522a01314f71d3a57 | 5a4298347cfe74d11c5d7699a783e2daa7ea2b4b70ccf6f60765d42bdd5be12b | 5ae57f477bf09a10c452ff06b6800066f3eee8e5fa83d9deaa858cb491f4141f | 5b0029f18a146ff8fd86c5804513a7da8afbfaa3c6f22e9114f695c6607c31ee | 5b709ab337bc0cdf63f4267917f5113741771b603b23330f7cfe4ac70c0cabd3 | 5d025fd93e056bb06e0304d58e39b22603efe329c6a53190610a87addf4ff004 | 5e3618a9417ecd71c46690fd12849a9e01f21e4406d88539aa01748a1c11498b | 5e972dbb02ee8182d24880b82209770be286a2c99728a7891847ed8129c740d5 | 5f806663f4e281fd73fc4542ccca994e98b7763e8170e71480adf9ee48f08acc | 625fe9a2f2a15629fa9f19947d67b599452894aa6f956d453b088e1e4ecdba9d | 6378017063e863b1fccb8dd7d39a7f0cea879c9576f885cf41634b22c55ee3e2 | 63e0b28c6a259722b259209b5dec9f50fc4603540bd1ba6fe3b909a56d84e15d | 63f3334cc585549b9ddbe2ae19370d4e164e23ccc91860b45ffe7ccc355ee912 | 64e120f0b84140d9267fbde53ed3407f4d8ce6c96214bd8596868c2775bc1ac9 | 676f8109828f01c332575ed3f63f123bf5bc59350b1bda8714a72489449c2881 | 693a89dc95539a5cf1c4049e21df391b2f81d768e422f3944dda97e1ab5cee2a | 69630682588656c93e96c1da769996f257d6e90ee6b275cb5b925bd7832dc77d | 69d7e79ccfd11c0d3faf2ba72dc9ea5c97f64db3413f972c2e1ccbb6426735dc | 6a5e007573e026d234686714a1911ca74168e1af1c5be4729e4d9b974adf8b6e | 6b03ac37c1e9668b666a8be5eb1eadc470da0702b13a746fd0ba078d2c9be028 | 6f5ca75863ee63205e448b9151abfe537a98bd1f40d0d962463da57e96dd63c0 | 6f97bb1fe9dcd0d6bf398a41acc56d6ad905c3da403a669cc66f2c8b8391d4f7 | 706338d7c5e92a5777cbf87e8a0d64390e9a375d599574eeea1e90504f3870f1 | 7107127c450e836c785564e61b6979ff7682dc99d2f0f8cb70995af1ea66f29d | 7379130f3c4b43bf2c492d09486da66e62c48ec5585160402d4232d8d000548f | 743ec2d1a2fb6106080d379017339975775395475e0768701186ab65415e40df | 7549178a9152fd2cf3b69e7053ccc1e0d12226038a8b058edbe0bb3c97463fd8 | 765813610e4368cb895fc544e933ee85454d0a214c73bc5464be161fbaf66c8e | 76fea186b72268dd2e6c0812feac7828535bb1775b122bb6095a2a42502366f8 | 77695293df33e479e42cca002d38943747f7d6c33978d4f71cb80d4897d9b658 | 7837691427f97e3bdd3589c33196b8f4a44b5b82f2bc5f57bff03f760679b5b0 | 7870b281bbaa80b2a073df8a49bb0f11cba0f5de6f6124c4397cba22357065bf | 789045bc0a5c32bf50f31b188f8c5508514382b7fb3de74946875065d36faadf | 78d677da81030abc6ed898123913cb6e61e081e0db346cc79bd892ffc503954f | 78e99c7c0d2065b20eb9675cbfebd01e4e0d51aab0e5e14459d16ad41449cadf | 79efc440932d7759fab489195c33700facb0eac310fa2c4a510345f05865d7ff | 79f74909bf3a5f36da509b1c629d755735c5aa35be8946cda45d897117c6ea84 | 7a3d8fc0839671962718bc5e0c1a0531f7a280cfa76391be35db31adeeea409d | 7b217794a5a00c21ce3ab8297014d3ffa26a20f15330f50c430e57f298b89e5f | 7bf8f61ada09c7778197625be808a923c39f52d31a2c8f1dbdd9d22bc164a927 | 7cb7a0c2e86d27619a6cb987dacc7808f933d71585aefd0e54d12e125d0f4c1c | 7cf05b25953466dc3e47dd2947c5cd5c57f62a1207f14964015f43be621aa5ec | 7cfd52207a7e55a7cfb4b948df09b1ba082b2e1bc503d7295b9b3b2404da3ea1 | 7fa71e1c9f347d4b6efa5595cb25e26cc5f5b320ec8aed76b851250e7dff117b | 804b9fe3a6ff54226ac7d876ef70c8194afb771f93384cb49e87502a771a72e4 | 81cb4804d300caa914f55bf90dd44095b6df1df9904f935042323f6008b01b7e | 848bca41f13086f026394362cd5580f524d4cd057de69d943bb2aa4889a6a611 | 86bdf1776df1d227ba350e1e3008851f0f85cb0bf650b92f3f23b57efe063b6b | 86eddc5dae5bd076b842e4b7222d69b4582b4bac7e80204ab4a032cea821ea2f | 872db18084927480751ae59d161742803535f5e51405d855765bbeb8db56db6a | 89ed7a3f8c793dcf74653d21ad328c2e22120175a2f094d7b0afa6d71f9e8af2 | 8add0bc8033288d4fbbc4a643849e65e5f6501feee15f8e1c676479629a1f7f7 | 8c210d29433d6b4530b95c5a8ac3c3233e0cbbff07aff1e542283cdaf65452f6 | 8d74673d19c3b81f1a28ee1a8f16f0ebef69a37236e9f1dfaf8f5d293b55e7a7 | 8e8a44586f3f14071743f52cc0249e0fa953c07bcf03edbd228aff7e73958972 | 8fd93e010e84412c7c2a99ee4840c70df3d30adb630b79557e3e7bd4464778d1 | 90295ba8963d622ab4f92a9d917853080deb4fbade7f4665b2bb40e53626296b | 909108f27003654bea871e643cc33e663b9a58e047e403de142bff3859a34bae | 912ac6498af28b5079a3d576700afd32313d41d2e6fa08fbc2cebd0c298f2fdc | 9218efd56e965425034e2d66ddde8c9701b72fb942f1dde0705f495339cba456 | 92600aaad94269c4e7ec774584c8e562f534f7d84fb22fb200b3a3ecc6103043 | 934aecb49b901810f1437cfd527924577279b5892614e06d90a0cafa79cb36b5 | 9469d87772dc2a0c4d9539c8b8cc44d7aa10ff7b0476951d4eaa4f58eb607d23 | 949aa3a5b19c557ec562cdaed2d64461888eae0e6f5aa15f6556e4588a326cc5 | 96673a25e8010b7b2de340160479e130a99d3e65cd8adaae42fd2c268ebf9f1b | 9772f34f84ef3552b1f5c509d3e8251745b078dac363d89832f3f9459f8cf465 | 98abcddd3d55ee4c32e78c88838d8d9496f4ef46467bb51f6b95a9ae196e7788 | 99646d1739e3d32a60223c72feab135be2dfa5b55e5c2f0e1477ef2160de37be | 99c420990442f142357c4ad468227e2a400db373222626a32e65ec8496375b78 | 9f35a278148f3e843c6fe5f59fc8ce09abb5c68ed00ebad13e366b814720e6fc | 9f6892aa16e3b74e2518084e9304bfd6a89c3851e5cc33156e28df37c1dee106 | a231b9ded9fd41004ec97195e36c1b221ca7b11084f01004aa12529d9846910c | a65b25e292c9be4107e0f2f693c6a0ba3981cb17a549357680ab522b2fa624af | a8d878cd678aeffecc82ee319468ee8c425d7839ca7a1b8361fd812064dcdb11 | a9ac67ae24a2002110ac3ca1a6213972f5ab7c7224e38cadf852e464b06a987e | aabb448474fbd261ef2e202126f7ce19f56308caab6661c951cac1bbd90061a6 | ab155cc1e3fea795af43b6f9af0aa7221068380ce9496092104bc930abaa124e | ab29860b4d152dcf118416222b9527bb7d499ea547e22bcc00063618aa5d690e | ab8fdaa8077274eb2727bddead0e0a63708ae469bbbef3dea6ed6c301d0a1655 | ad0a3b87d4f129df47eb9e6695e170db01916e1faef0c486e48e60343f408c78 | aec884221f9c9b94caae2e100debfcc544e0be21ef414c3ec4f02ba1833af1db | af1fc07de35a7b38d3c0f2fca6f38b74d12f34fb080c00fea80d4a1a5544eb41 | b098ef0aa6f1f9c3bb33736ab0105e252574f18ae849d6dbb67f4060e2293e9d | b0c9125eec81773ac7c105bc6f09fdb38da7e12f31d886d9cbf8fc850c30ade6 | b31ef6b1a9fd4051228ae6fb371b2c21410526e2a187fff97fa072e3c4e58045 | b3816c8f8f12ec5ef1018e2a23913e9140e448f0ded888f82ab9bf57da00fb64 | b3fd47ce9f15eae35ef3e315a34ace36038860d1b9a054da160527f58ad1f2f7 | b4fb02f7f48070a849b14311fe11172767a0b3505d410d168127a5d8ba9b0c98 | b50884ec3d7f665535a24b0ba65249cedeb3f766c17d64508ba7207543b7f3e1 | b56822400155ad90211dc1e682e378163311105410e9fc66193f3cb1dd2c4dc3 | b63714ab0e733e4deaf02851c77de28926e29d554060dfe77251c0d18205c18c | b771767ec3400e4230dc45096ea16fc79f498f05f078ae1e1cc8f797677b467e | b78387711b6d34a5038b4751bd7334636d4f2e01bc80a2c772b594389e1c087b | b78446bf70686a74b992339452f14dd8b054446a2b0fc238d5cf038bb2c2c713 | b7aee4b92ce7656e9e7b297a6d64cb5b2cfbfdba32fb160ede741c9d388c625b | b7ee2ae0dfa5ec10239296343d50eb7d0a0243238b7dcbd206c5656b5ff648f4 | b83989b92c02ed42a43a61e730a0536bc57b2ca4dcd079e3c588e9446e19b626 | bcfe4f9187a97924a4461371e3deda6e01272dd19fb12d0584c695fd96c6d692 | bf7bb499603af9944d73e9a439b23cd848e3bda1c5f46094bd3c3df3a8b77de6 | bf9c394357a4c51fc9bf9f507f951554aeda2c5a82b31c3a252e1b2414f7fce6 | bfce411d3437dc11d1659cc5c3948dfdf6664ab9046909c61757a2937a3da44f | c2095b35733ddfa3b0531ac8722e8cbbf689a689fe41b9aae10a709857f0f390 | c22aa73cc8aad7243ab7f745a4fbee7142d493d937d96a14d53a1c4b9dfd2f76 | c29dbb851a958f768163db8182002eed860003883017db28a45e35c00c2c55bb | c32e35f7ace0e37c10b615b360fc2545881fd9dfa31dbbf18f0178c8e8896b57 | c42ce8730b96ad6d37045e60c61bf669bb7b3b6d53d0cde9b0a26ce20b56f35c | c484c3289fd685c66e5d422f97677ff2cee5df2fb2651efc45e009e1afe4a7d3 | c5d821143cef790192a91a6b1933d54cd53a567cc2a1459dde17c78326c7b0e0 | c7e4b9ecf5fd1c5826c8ef33cdb065de0b7a6990d3af0704ff1215e620bb87aa | c9499696eb76c2181f4c27474710cfed8ee4694572078e64997ac63100a494d9 | cb0c398e5f884499c770f31f2e22fcaad6de38ee13d6344b6359a68562102095 | cb97f14a6d0e809e2049473df255efb13bb5add235f3bde513b6434d4bebe6ae | cdfcdfe541afff575a7e0e4f04c7bf26f48f846373301f50e0cda12560f457a3 | d33df16898a17a738ab65fb2078165a67c3d156eaff8f864ff73576a0333c17f | d730fa55228f945943d429b1e5f9a5a5e7d4e447dc91ff5ba6837434ebd85c85 | d7f5528f59b3b13c272fbaf84f651d92ab85969bd02bfd2a22254ed85c402f78 | d8e33dac5e27ed1a0b8c0099abf1a6d22c1b428ee8b404cd11eb2738979d2953 | dc3130943cab8c9acd1e7d65317fb9f3aa3963446144403f2c6aa0b0e24bf530 | dc6051c735f2a29e35a75741e48eeffe12cd598adb16541baad850b2c8d8e43a | dcfe061889390b11374d72e23879d5e257a58766e061321ae06da05cc418f95c | ddc143ad100734282553ad45c06f6f314d965f7ab981539aa29dbeeaeb7eca01 | df8aab44085b02a06084eb030cd42f28cbba92f6c01c165c9eaf15942e3a9974 | e024223b36799f2ced3a74b117da37be075b599334a42bb4342f014e44da1289 | e1a53892b7742e71cb31793895930aec777792b3147d47dcd276505a37aed5d4 | e27af543f36d8c431c1abdbd9c1e87a7a6fd3a8508a5fbbe06b800f05656bc27 | e440824c85b0cec645078d96d5682b2a97f3ff68086723af99fef67e15483f11 | e4be5a6e2c16082e731d55d1f2df747d4f1971868bdf2a98f7dac0803be77c14 | e536c37d6069fe1789a6ba463c1230bfc28f3269c2a265bacde047f0dc8bab7d | e6598a49faa698dd21fcb7bf2399d60abf20463cc4c0c51ae7c4d5e713ab7cc9 | e72ac383f8dbce6d4b32d8236f0102b07e95ec4e471c2a34f590c4e100b51cbc | ead74d832e0f9aa254bbcd39ba1d90dc6b6db6e43d33e02ed104d8b7c2639aed | ef6c0538be4692625fdce146768fe6478616ae023ac06dccd6ecddd5f93474c7 | efbeeeda95b3b92f74aecaf2634c597c7b7d54600eeb9059c161520e87baf1b4 | f168cd4bf2842f0fcb71ae3bb816435910dcf3efabc5dcf7d07c78c5fbb41c2a | f2b0e1aba79598251fd04e40e40cc2d3bf3521517237bc09198aca9cf8183844 | f3c2786bf3ca4b4e6234c9f556f427a90532248fa5a0e476b69ba31529a20a26 | f3ee9ebc6d97459926751f514fc820a80f44576135d212af8514598fe0ddd0f2 | f4809afe4f265184427aadffb1f95cb779e67c0655752ee47968665b571b3eca | f69430e1512fc4bc6a89516cd48dc3fd9a10fb81e7c18eda63b4661fae534f82 | f7c60c750e0b1b2073328717e124b55d47ae60c998859f0a91f0694da3adb3e7 | f90c04c968412feab0cd93fa33cc24e0a9b6025e182cd8b0c3ff71033977dc4f | fa76159e7dbbbc600f4df2f29c144d21f78471b505992e6011e8f32f68420da7 | fa809f322997d0579a7068bdf6d71814224001b0c5da82bd28a645d4d6d3217c | fa8fed3319f337d408e565986d62b442a0cbd1f3b44fc526f6458390df1b9f88 | fa9ad354464cac7573ea27bc14f81352471b336f66eabd7fbeaa01ab1451ef54 | fb161d1ec33e9440ca678d1f1e70a6d506c425eea7b547cdb2493bcb0420f2e3 | fc0aaf5868f4bf37764163c47523f54c3a19ed9fc64edb64480f7883646fbb7f | fc4537922fa24d44432e03ea61a3babb02c71ffa47f6c7eac4ca2430d627cbd5 | fc79b478e08804ab97a9ec6b1dafd0d1e95280d3428a0d2f0d4d515cdc164b1e | fd62034e12c112178f7299fa61350a0647fbd43534a7a910f80ff8f7a23a1920 | fec6b054701648e0149b40c9978b74d975d890793d3f0ca92b2b6d63e4fd711e | fffb6b868f271a452cdb91801f429086aac026936318634bd0207956eb8d3510,CHANGELOG.txt | CREDITS.txt | doc/texinfo/cmake_options.texi | doc/texinfo/commandline.texi | doc/texinfo/gmsh.texi | doc/texinfo/shortcuts.texi,Choosing the right unstructured algorithm | Credits | Elementary entities vs physical groups | Geometry module | Gmsh application programming interface | Gmsh command-line interface | Gmsh graphical user interface | Gmsh mesh size fields | Mesh module | Mesh options | Obtaining Gmsh | Overview of Gmsh | Post-processing module | Source code structure | Specifying mesh element sizes | Top | Version history | What Gmsh is pretty good at | and what Gmsh is not so good at | t10 | t17 | t19 | t21 | t5 | x1 | x2 | x6 | x7,curated-evidence-v1
term-v1-112,term-v1-09b2287a48c00c0b1ea68e0f251c1e88c9a9de7ca0fcc0b35ab5fd5104fc80fe,meshing,meshing,mesh_geometry_solver,网格剖分,API、脚本、选项和专有名称中的标识符保留英文；普通技术叙述使用中文译法。,网格、几何或数值计算领域术语。,approved,two-independent-reviews-accepted,not-required-by-term-policy,4.15.2,41,0db0ef1b59bec8c18190f93fc64184b074d3f0af6592508b54b2052acdf7187b | 12983ac087fa4b8b7823cc3a37a67e9723ad54269bd8aaa6afd8c5f174aa02b1 | 1ad8478b0101161dbf3ac63eca1cad9470f09a633b42213d50befb3d18a879a8 | 23827535d771e33529885948519300513d4f2f363b16b6f1d4f439a869a42d37 | 286f4afa64012078d71ffe887ed4f09301aa03e24cc9ed7535c6d9c15f341995 | 28c1f034eb321f36d668e79fcf076dcaa5b2c0c43a5dadef99170f0b2d96daaf | 2ad84d84caeb66952f1d044fef0839de73cf74563cfb3730615a2b4d4ceb55b9 | 2bc41d7127b81cc9bc2599c82b84b36a9a0cc06787c09b10c9cfd4fdaa883e2c | 3085f552975336fac40f918d26c55a94fadbba708e966b5a8ba31955f1e03b73 | 337f75eab7e2edbf102e8a10e10ae9dd08e96e248b872b7261bf84bd6ec5da2a | 3f8ba93407afbeb24bf18e529ee6377f98e930c30064a38ece4f1f917fb18558 | 4960623aa8b5488ecb4a1e8ea948d4c44968ee5f38874ccc3d57a71cc78ed3d5 | 4dc3758ef4d1445d8f83f07604c98cc6f7632d30c68ec7b196a174410aa69061 | 5557a41ea3a449491d2b0e3baa62eb95846a4f7391e08e613516ba96c5dccee1 | 6a5e007573e026d234686714a1911ca74168e1af1c5be4729e4d9b974adf8b6e | 760a6754c06629ef9e7191c04cf12176b1a01e1d7d74c860ddff21a8afbd3b6e | 78e99c7c0d2065b20eb9675cbfebd01e4e0d51aab0e5e14459d16ad41449cadf | 79efc440932d7759fab489195c33700facb0eac310fa2c4a510345f05865d7ff | 79f74909bf3a5f36da509b1c629d755735c5aa35be8946cda45d897117c6ea84 | 7a4eb742ae32e5f115242df56e5c15f66485000eea9e012fd209ec3d5d18204e | 7a6d9c02e01f957354729323f8ba4338474ee296441203a7338190a34af24422 | 81cb4804d300caa914f55bf90dd44095b6df1df9904f935042323f6008b01b7e | 90dac3ac78784833c113e2ebb0e84402d1ee03e072e38922e8d990f76c632a49 | 934aecb49b901810f1437cfd527924577279b5892614e06d90a0cafa79cb36b5 | a65b25e292c9be4107e0f2f693c6a0ba3981cb17a549357680ab522b2fa624af | a91a06fb8b578b888ddbc7d25dfefe0ece42ea5c76ea643f76c1a296d75476f7 | ab155cc1e3fea795af43b6f9af0aa7221068380ce9496092104bc930abaa124e | ae565bd061c503a39d0ca03ba6703a38cc532156ce709e4961047009c2c3d3e6 | b1c60adc52e918ca19529dda77af923dbb6761ceea3eefa8ef380173fa574d16 | bfa069f0841363a9e850d6c138d44b1b8fd864306ea50d9199b4442851529e56 | c29dbb851a958f768163db8182002eed860003883017db28a45e35c00c2c55bb | c32e35f7ace0e37c10b615b360fc2545881fd9dfa31dbbf18f0178c8e8896b57 | c5b78173ebfc87d4ff69a2d381739b271d5df2889784a9e9a3ae1c355f074b51 | c7e4b9ecf5fd1c5826c8ef33cdb065de0b7a6990d3af0704ff1215e620bb87aa | dc3130943cab8c9acd1e7d65317fb9f3aa3963446144403f2c6aa0b0e24bf530 | ddc143ad100734282553ad45c06f6f314d965f7ab981539aa29dbeeaeb7eca01 | dfc83712fb3926a35b57d7fd3188ef093bcc4f6751bc1e534a5735aeb4e4f274 | ef6c0538be4692625fdce146768fe6478616ae023ac06dccd6ecddd5f93474c7 | f08e07a02573d492a726c317480972e40f494c53e1251b852278b3ebba62cda9 | f168cd4bf2842f0fcb71ae3bb816435910dcf3efabc5dcf7d07c78c5fbb41c2a | fec6b054701648e0149b40c9978b74d975d890793d3f0ca92b2b6d63e4fd711e,CHANGELOG.txt | CREDITS.txt | doc/texinfo/cmake_options.texi | doc/texinfo/gmsh.texi,Choosing the right unstructured algorithm | Credits | Geometry module | Gmsh application programming interface | Gmsh command-line interface | Gmsh graphical user interface | Gmsh tutorial | Mesh module | Overview of Gmsh | Specifying mesh element sizes | Top | Version history | t12 | x2,curated-evidence-v1
term-v1-113,term-v1-de2c151230481cf835a0d8a80f2907e8a2ae978e14cac999dcdcf1e5d624aeb7,finite element,finite element,mesh_geometry_solver,有限元,API、脚本、选项和专有名称中的标识符保留英文；普通技术叙述使用中文译法。,网格、几何或数值计算领域术语。,approved,two-independent-reviews-accepted,not-required-by-term-policy,4.15.2,9,0700414efe5bb97a760fc7659954da34a47992178e438817521fecad1ec1da87 | 66a3b1eacdbd2fdeec13d17aaa788a47ce7675ed99677dce0234167d0cedeb5b | 69d7e79ccfd11c0d3faf2ba72dc9ea5c97f64db3413f972c2e1ccbb6426735dc | 789045bc0a5c32bf50f31b188f8c5508514382b7fb3de74946875065d36faadf | 8291bb7ca838e7fd164ce6dcbd10c88227522aaa2407036f03a4b6e4f8659fb6 | 8d74673d19c3b81f1a28ee1a8f16f0ebef69a37236e9f1dfaf8f5d293b55e7a7 | 934aecb49b901810f1437cfd527924577279b5892614e06d90a0cafa79cb36b5 | b78446bf70686a74b992339452f14dd8b054446a2b0fc238d5cf038bb2c2c713 | e72ac383f8dbce6d4b32d8236f0102b07e95ec4e471c2a34f590c4e100b51cbc,doc/texinfo/cmake_options.texi | doc/texinfo/gmsh.texi,Choosing the right unstructured algorithm | Mesh module | Obtaining Gmsh | Overview of Gmsh | Solver module | Top | What Gmsh is pretty good at | and what Gmsh is not so good at,curated-evidence-v1
term-v1-114,term-v1-7b0ec1016fce7255e9853748aa4c473bfbec26871e539c12b5acde7e5f6491cc,geometry,geometry,mesh_geometry_solver,几何,API、脚本、选项和专有名称中的标识符保留英文；普通技术叙述使用中文译法。,网格、几何或数值计算领域术语。,approved,two-independent-reviews-accepted,not-required-by-term-policy,4.15.2,57,020a683f24413a432458fc301b6f62cc457aa9d9abbeef1b58ddc930fa8c2533 | 031622d2f0571c9f944e1d3375e8d9987c72d33b9307f9715d1b811af0222201 | 03c382e173ccc8422bc5bef3f82cadb9279d310debc1104d71b3a6122e8f252b | 0700414efe5bb97a760fc7659954da34a47992178e438817521fecad1ec1da87 | 0959e2b470eaa9a83fbc87f0b4d6771b91dfe16fa1d87460a59043eb54221173 | 0bd6f5829af68fbd1811e93d6a86e96472bc55f1439e74f3e027372b7a88fc50 | 150be1a29e71937f303bc468b0e1a675190503a6801e0db9dd99a4c2c998ca43 | 1711055d2fe7a8f847074debc4ba18c296ae7671909e7596a022cde1a9eb4333 | 18d7f30a67206bcf45ec8b5022e94c27a393d906130aaab81cf6c6312612aeb4 | 1fafdbafa291762f441615b206a28c7ce8c57795db9fc7d0deb21b347383b22d | 22c0c03d4db460b78ba0040760a9e4b98d477cf5ac6d65c5131a86915fdf9763 | 23827535d771e33529885948519300513d4f2f363b16b6f1d4f439a869a42d37 | 2f7160b7d621cf34053e7803634b947f503542b1b3766424edbb756455e83923 | 40d992e546d4e0b00d9dad67149f28ad083fadb548a5801f0b2d78ad5eb2406b | 4ccdf449934194ef3295e9d344716758870e37d5a54630814a927ab2ec2fdff9 | 4db1be196b4d6b586a2d27bc8f87d05fd60fb1b4a328b7f7cacf7350f5fc47e1 | 57dfd60f5f6a7470bc987771e1fbd040a80edca57208e155c9373e4f2101f1b4 | 633add70515199354b1dce5d6ec2203fce148e1a8109e6832ce6bdb4c0d16dd5 | 63aedde5c68b4cf513fcb1717c1a61466ca8b2128ebdba48e10cf436c9b4c991 | 6412a6c4cf148be61c5ec10f28fe799cc6a1b3e67783cdc06432eb0bb6f2195d | 69be84c3341130d49b7d3160390b6b421f8be195c7bd00c8379fb4ee47b59d78 | 6a5e007573e026d234686714a1911ca74168e1af1c5be4729e4d9b974adf8b6e | 75fc93191dc8f4eaba0686d198fdcd490d192a05a11d1ca48a07340538e11e49 | 7837691427f97e3bdd3589c33196b8f4a44b5b82f2bc5f57bff03f760679b5b0 | 79f74909bf3a5f36da509b1c629d755735c5aa35be8946cda45d897117c6ea84 | 81024771cc3eb6dfef85348a64491f47a0ccb47d7f5741cf2de358e25b5365f8 | 86278c44b103d65a15590cf113fa1908f42f50e7d1d0034ebbe8bbd9015b8b3a | 8ca7d68c6b5bb62fe91daf71a8c1bc4f5edf50225542abe489cdb7709e1fc3ba | 8e468beacd6934264141e67f3ffaef7333661fb14316926cc80430da95ab6197 | 90295ba8963d622ab4f92a9d917853080deb4fbade7f4665b2bb40e53626296b | 92600aaad94269c4e7ec774584c8e562f534f7d84fb22fb200b3a3ecc6103043 | 98e4fe0533a4b72640cf901d76e10afedb27017705659cd064ce6208374a3064 | 9cf6fd1cc723ce79f92315d20e7e34a8e2edba6c8ccd5a7c98af78cb0d0dc3d3 | 9e1ffeb96640d6860e3b29426dbb8960637a701e05d2abf83e88d3945a69fa3c | 9eef8f26fe958d0a6f2669fa0fc896c020b4949271b105d440c32622a7c49c34 | 9f35a278148f3e843c6fe5f59fc8ce09abb5c68ed00ebad13e366b814720e6fc | a130b8865bcc818ce8351b7be170dae9676c207d3d8fb857f866b6f01b9558de | a9056ffdd01546e963e172d39b4781eb8d75a93d14f6aa95a8b6a3c9f52c56f9 | ab155cc1e3fea795af43b6f9af0aa7221068380ce9496092104bc930abaa124e | b4ed725138733bf54d67c40a54dc5e6546383f23846449613c86a3e9c62c73e2 | b7ee2ae0dfa5ec10239296343d50eb7d0a0243238b7dcbd206c5656b5ff648f4 | c09cbdeac113e40c18f5264bfe799b8f7bcb706a089e9e5683e9a603eed2974f | c1080ee2e832d529f8e14d36f9691e34b71994336c1d25f5a3619b92c85b86c6 | c484c3289fd685c66e5d422f97677ff2cee5df2fb2651efc45e009e1afe4a7d3 | c5d821143cef790192a91a6b1933d54cd53a567cc2a1459dde17c78326c7b0e0 | c6c6c582bd7e3115f79908bda38c3ca6aea03e248323268038fbb892162c2114 | c92ceea91929f376ba1c2d1147f1c35de9baf037f7c86cc570e887f47410dad2 | cb895658eb60f327a8b6871d86943ac50d1150f21e1162700439e02583c6ce2a | cc0161f01a92a9beecf2cedd84dfea135379e151b2d02258f794d0b566e1c32f | ce3522ed4c0a6b1f690078613d6009757e88a101af95e206a05c606b325e7a58 | ddc143ad100734282553ad45c06f6f314d965f7ab981539aa29dbeeaeb7eca01 | defb28d316600cd3095de5ef2cb4a095650cf7611e68663b645e0c3210797d6f | ead74d832e0f9aa254bbcd39ba1d90dc6b6db6e43d33e02ed104d8b7c2639aed | eb8104623b67902bf1aa12614278b171d2c9d75f6dd5d2869e50ca2a84825a69 | f1d68e4266d535fea38f974f65780ed855c026f23a286926f1de49413832d59d | fe00b09ed3bb6008421ab6700931d3521150d021bac3e788d15adc87dcee3661 | fec6b054701648e0149b40c9978b74d975d890793d3f0ca92b2b6d63e4fd711e,CHANGELOG.txt | doc/texinfo/cmake_options.texi | doc/texinfo/commandline.texi | doc/texinfo/gmsh.texi | doc/texinfo/shortcuts.texi,Choosing the right unstructured algorithm | Elementary entities vs physical groups | Geometry module | Geometry options | Gmsh graphical user interface | Mesh module | Overview of Gmsh | Post-processing module | Source code structure | Specifying mesh element sizes | Top | Version history | What Gmsh is pretty good at | t1 | t16 | t20 | x1,curated-evidence-v1
term-v1-115,term-v1-b9bdef2ebbfc4bf0dcc1dd0ad56d30ad3a641d8da91ed2f81e30141e6ac8c1fa,model entities,model entities,mesh_geometry_solver,模型实体,API、脚本、选项和专有名称中的标识符保留英文；普通技术叙述使用中文译法。,网格、几何或数值计算领域术语。,approved,two-independent-reviews-accepted,not-required-by-term-policy,4.15.2,13,1711055d2fe7a8f847074debc4ba18c296ae7671909e7596a022cde1a9eb4333 | 2d21c4954281958d6d4b59c3a19faa495c372aaf90c5dd2bee85342652f005e3 | 4246c9834fa20c324ce937335a0c99cdff81a9f8513d0263efe18590ae356366 | 526e89d5218a0aa1a5d3aad9b7ce4c5ba89dad047ccc2553732c018ad5dc44ae | 5c781a847436b3e270c4e65c199fb41db888a6b65eace8288726e12001bb432c | 69be84c3341130d49b7d3160390b6b421f8be195c7bd00c8379fb4ee47b59d78 | a03c42b86000c74f4ff8160b827844ccb8067672010a850d7aef9783fadc0614 | bfa069f0841363a9e850d6c138d44b1b8fd864306ea50d9199b4442851529e56 | c09cbdeac113e40c18f5264bfe799b8f7bcb706a089e9e5683e9a603eed2974f | c7e4b9ecf5fd1c5826c8ef33cdb065de0b7a6990d3af0704ff1215e620bb87aa | cdfcdfe541afff575a7e0e4f04c7bf26f48f846373301f50e0cda12560f457a3 | ddc143ad100734282553ad45c06f6f314d965f7ab981539aa29dbeeaeb7eca01 | eb8104623b67902bf1aa12614278b171d2c9d75f6dd5d2869e50ca2a84825a69,CHANGELOG.txt | doc/texinfo/gmsh.texi,Choosing the right unstructured algorithm | Geometry module | Gmsh application programming interface | Source code structure | Specifying mesh element sizes | Version history,curated-evidence-v1
term-v1-116,term-v1-c7cc8f9e98455b62ae72b243b86ab7a108a19e660d5a4b2b441a100d89429317,physical groups,physical groups,mesh_geometry_solver,物理组,API、脚本、选项和专有名称中的标识符保留英文；普通技术叙述使用中文译法。,网格、几何或数值计算领域术语。,approved,two-independent-reviews-accepted,not-required-by-term-policy,4.15.2,11,1711055d2fe7a8f847074debc4ba18c296ae7671909e7596a022cde1a9eb4333 | 1ddaffa7de5398ef234dd18b509342e711e3efcacfa89261ec945365bd066d7d | 526e89d5218a0aa1a5d3aad9b7ce4c5ba89dad047ccc2553732c018ad5dc44ae | 5c781a847436b3e270c4e65c199fb41db888a6b65eace8288726e12001bb432c | 6f97bb1fe9dcd0d6bf398a41acc56d6ad905c3da403a669cc66f2c8b8391d4f7 | 8ca7d68c6b5bb62fe91daf71a8c1bc4f5edf50225542abe489cdb7709e1fc3ba | 8d452b4f3f67a1b1681028229cc7a7447f5d4e2b2f0cb023b30bb05e84bf6116 | 9fa989b2cfecd1bf2de19754690f79a63d9bc03ef50752649da04091a3239570 | b771767ec3400e4230dc45096ea16fc79f498f05f078ae1e1cc8f797677b467e | c09cbdeac113e40c18f5264bfe799b8f7bcb706a089e9e5683e9a603eed2974f | fe00b09ed3bb6008421ab6700931d3521150d021bac3e788d15adc87dcee3661,CHANGELOG.txt | doc/texinfo/commandline.texi | doc/texinfo/gmsh.texi,Elementary entities vs physical groups | Geometry module | Gmsh application programming interface | Source code structure | Top | Version history | t1,curated-evidence-v1
term-v1-117,term-v1-dc245ed31cfc8ee32af5bdd6b82ca7a54cb3ffd607b03bf807443a3238a72bc1,CAD,cad,mesh_geometry_solver,CAD,API、脚本、选项和专有名称中的标识符保留英文；普通技术叙述使用中文译法。,网格、几何或数值计算领域术语。,approved,two-independent-reviews-accepted,not-required-by-term-policy,4.15.2,15,031622d2f0571c9f944e1d3375e8d9987c72d33b9307f9715d1b811af0222201 | 0db0ef1b59bec8c18190f93fc64184b074d3f0af6592508b54b2052acdf7187b | 55d6f5b8114428edab5be1c0c317c45846d79461e4b3e1556c57bcca05c84d85 | 69be84c3341130d49b7d3160390b6b421f8be195c7bd00c8379fb4ee47b59d78 | 70ad38875cc8affc93758bdb97de4978efd90f879e3b64b5788d2f2929b8328e | 8ad6aa5f8d20f2bd18df6aee394f22245f310881fe2286499b98079eabe2ae48 | 934aecb49b901810f1437cfd527924577279b5892614e06d90a0cafa79cb36b5 | bb76e515148e66a6e1c285929c7d5e78c4179131ec5812730c87128e4163dfc4 | c09cbdeac113e40c18f5264bfe799b8f7bcb706a089e9e5683e9a603eed2974f | c5b78173ebfc87d4ff69a2d381739b271d5df2889784a9e9a3ae1c355f074b51 | c7e4b9ecf5fd1c5826c8ef33cdb065de0b7a6990d3af0704ff1215e620bb87aa | d2a2eb4d60488a5146b136837f07aadb5ef36c05e3340c21fc8984b78cdc35fa | ddc143ad100734282553ad45c06f6f314d965f7ab981539aa29dbeeaeb7eca01 | eb8104623b67902bf1aa12614278b171d2c9d75f6dd5d2869e50ca2a84825a69 | fec6b054701648e0149b40c9978b74d975d890793d3f0ca92b2b6d63e4fd711e,CHANGELOG.txt | CREDITS.txt | doc/texinfo/cmake_options.texi | doc/texinfo/gmsh.texi,Credits | Geometry module | Gmsh application programming interface | Overview of Gmsh | Source code structure | Top | Version history | What Gmsh is pretty good at | and what Gmsh is not so good at | t13,curated-evidence-v1
term-v1-118,term-v1-b225a8721fba215e39e0829cee81c9e553dfc7ae86bdd2fb0389545042282e57,OpenCASCADE,opencascade,mesh_geometry_solver,OpenCASCADE,API、脚本、选项和专有名称中的标识符保留英文；普通技术叙述使用中文译法。,网格、几何或数值计算领域术语。,approved,two-independent-reviews-accepted,not-required-by-term-policy,4.15.2,24,074e9689d9da3a6753d02457969885aa4b003724363a724b5483ebd13a9d5be9 | 0c63f7f7e0eb66d63e1f3ead5cebdb6a2d71398689835178eff4b1170afac675 | 0db0ef1b59bec8c18190f93fc64184b074d3f0af6592508b54b2052acdf7187b | 13fabc8cac32bdaccd943350e5a6b5224744c8d8e6fea3980a2e4a46470ead61 | 1711055d2fe7a8f847074debc4ba18c296ae7671909e7596a022cde1a9eb4333 | 29c72231426109af4ab63b88078594afb56be91f0b9ec6e424be2d662d812c96 | 3078f5acd6e228c07b31d8ef5f923d771902cc993a98de2383347b918dad1deb | 38598ede437e54d21bd440d05a941baeedce2971aaae66d4eb1b80c7b8442f87 | 69be84c3341130d49b7d3160390b6b421f8be195c7bd00c8379fb4ee47b59d78 | 81024771cc3eb6dfef85348a64491f47a0ccb47d7f5741cf2de358e25b5365f8 | 99c420990442f142357c4ad468227e2a400db373222626a32e65ec8496375b78 | 9f35a278148f3e843c6fe5f59fc8ce09abb5c68ed00ebad13e366b814720e6fc | ab155cc1e3fea795af43b6f9af0aa7221068380ce9496092104bc930abaa124e | b4ed725138733bf54d67c40a54dc5e6546383f23846449613c86a3e9c62c73e2 | bb76e515148e66a6e1c285929c7d5e78c4179131ec5812730c87128e4163dfc4 | c09cbdeac113e40c18f5264bfe799b8f7bcb706a089e9e5683e9a603eed2974f | c29dbb851a958f768163db8182002eed860003883017db28a45e35c00c2c55bb | c5b78173ebfc87d4ff69a2d381739b271d5df2889784a9e9a3ae1c355f074b51 | c7e4b9ecf5fd1c5826c8ef33cdb065de0b7a6990d3af0704ff1215e620bb87aa | cb895658eb60f327a8b6871d86943ac50d1150f21e1162700439e02583c6ce2a | cbb73281cef65a0336b88220f17e3384ed9b2c9e4caa90730933dca03f3e94ed | d2a2eb4d60488a5146b136837f07aadb5ef36c05e3340c21fc8984b78cdc35fa | eb8104623b67902bf1aa12614278b171d2c9d75f6dd5d2869e50ca2a84825a69 | fec6b054701648e0149b40c9978b74d975d890793d3f0ca92b2b6d63e4fd711e,CHANGELOG.txt | CREDITS.txt | doc/texinfo/cmake_options.texi | doc/texinfo/gmsh.texi,Credits | Geometry module | Gmsh application programming interface | Source code structure | Top | Version history | What Gmsh is pretty good at | t16,curated-evidence-v1
term-v1-119,term-v1-ed907c9d11420661ddc71396d1394922689479fdfdd3904ecd0efaa466c8377e,built-in,built-in,mesh_geometry_solver,内置,API、脚本、选项和专有名称中的标识符保留英文；普通技术叙述使用中文译法。,网格、几何或数值计算领域术语。,approved,two-independent-reviews-accepted,not-required-by-term-policy,4.15.2,21,1711055d2fe7a8f847074debc4ba18c296ae7671909e7596a022cde1a9eb4333 | 1c416a1d4fc8bab4cbce0cb5bdceba81689d1a60db91e9e90ed3684dc97e591f | 1ddaffa7de5398ef234dd18b509342e711e3efcacfa89261ec945365bd066d7d | 4af4b1fa447e0f7c1f235d96ab6d8c22e8147e6da0dbfb585978d7fa86077d46 | 4eef6a22ab06b811841eb00de7e43ce96bad025982a4cba4e2ea5a135232bf6c | 59ce14117210ed4d4594ebfea945e45eeb4b513ce1f90e6655da8e2fb560b737 | 694d23b9c0f0fa60971503a0738896d2161b0de058e2a5cd6b21ada92dca8d7c | 69be84c3341130d49b7d3160390b6b421f8be195c7bd00c8379fb4ee47b59d78 | 6f18b5a926bbdf850264cb1ecc09eabe4a2f387634c7a9e9d7a511320036b9f5 | 79efc440932d7759fab489195c33700facb0eac310fa2c4a510345f05865d7ff | 82685a92bf5c81f13c87427304ac1d1aeb7131b677899e58a2b5406a0b1e985b | 8291bb7ca838e7fd164ce6dcbd10c88227522aaa2407036f03a4b6e4f8659fb6 | 8d74673d19c3b81f1a28ee1a8f16f0ebef69a37236e9f1dfaf8f5d293b55e7a7 | a65b25e292c9be4107e0f2f693c6a0ba3981cb17a549357680ab522b2fa624af | b78446bf70686a74b992339452f14dd8b054446a2b0fc238d5cf038bb2c2c713 | c09cbdeac113e40c18f5264bfe799b8f7bcb706a089e9e5683e9a603eed2974f | c5b78173ebfc87d4ff69a2d381739b271d5df2889784a9e9a3ae1c355f074b51 | c7e4b9ecf5fd1c5826c8ef33cdb065de0b7a6990d3af0704ff1215e620bb87aa | cb895658eb60f327a8b6871d86943ac50d1150f21e1162700439e02583c6ce2a | eb8104623b67902bf1aa12614278b171d2c9d75f6dd5d2869e50ca2a84825a69 | fec6b054701648e0149b40c9978b74d975d890793d3f0ca92b2b6d63e4fd711e,CHANGELOG.txt | doc/texinfo/cmake_options.texi | doc/texinfo/gmsh.texi,Choosing the right unstructured algorithm | Geometry module | Gmsh application programming interface | Gmsh tutorial | Obtaining Gmsh | Source code structure | Top | Version history | What Gmsh is pretty good at | t4,curated-evidence-v1
term-v1-120,term-v1-ae2e80a723567304a325b1e8682ca9c6e1dd34c82210ce4b53a379c740ea7391,mesh size,mesh size,mesh_geometry_solver,网格尺寸,API、脚本、选项和专有名称中的标识符保留英文；普通技术叙述使用中文译法。,网格、几何或数值计算领域术语。,approved,two-independent-reviews-accepted,not-required-by-term-policy,4.15.2,27,0088889d9fda76c918c419369b8b7b2215a6431c78b65eecdd20989e16e97f13 | 037b9ea0ce9b95ac00e46eec5d0e9973b2fab62a595ab31bf09917b89b68e81f | 0db0ef1b59bec8c18190f93fc64184b074d3f0af6592508b54b2052acdf7187b | 16fe5416fea81b60d4d0705adb3aba2385350b82d8667b8ec304f2bd38096ea8 | 2883d9340f7f84142775b4973878aa6dcd753d6bae690f785b0972072fdd1036 | 2aa2ed13a013ecf995639a040ef12b84df099de67ae58a776cbed54bb9e51b93 | 37263892dd48cc719abc8b11c33df78f01c882e6020e9d071f5c64cc25a0fe6f | 432c4255df082e7cb38b65fd87d06e5a9aee258b3c0e48dcadf2fabc30e7bf53 | 462c90056a09fcdf4e5ac0ddaf90fad6a6e6e61385e1b4bd90c43c3b4a029b2d | 64e120f0b84140d9267fbde53ed3407f4d8ce6c96214bd8596868c2775bc1ac9 | 6a5e007573e026d234686714a1911ca74168e1af1c5be4729e4d9b974adf8b6e | 7107127c450e836c785564e61b6979ff7682dc99d2f0f8cb70995af1ea66f29d | 76fea186b72268dd2e6c0812feac7828535bb1775b122bb6095a2a42502366f8 | 79efc440932d7759fab489195c33700facb0eac310fa2c4a510345f05865d7ff | 79f74909bf3a5f36da509b1c629d755735c5aa35be8946cda45d897117c6ea84 | 912ac6498af28b5079a3d576700afd32313d41d2e6fa08fbc2cebd0c298f2fdc | a9ac67ae24a2002110ac3ca1a6213972f5ab7c7224e38cadf852e464b06a987e | b0c9125eec81773ac7c105bc6f09fdb38da7e12f31d886d9cbf8fc850c30ade6 | b63714ab0e733e4deaf02851c77de28926e29d554060dfe77251c0d18205c18c | b78387711b6d34a5038b4751bd7334636d4f2e01bc80a2c772b594389e1c087b | c29dbb851a958f768163db8182002eed860003883017db28a45e35c00c2c55bb | c42ce8730b96ad6d37045e60c61bf669bb7b3b6d53d0cde9b0a26ce20b56f35c | cb97f14a6d0e809e2049473df255efb13bb5add235f3bde513b6434d4bebe6ae | cdfcdfe541afff575a7e0e4f04c7bf26f48f846373301f50e0cda12560f457a3 | d7f5528f59b3b13c272fbaf84f651d92ab85969bd02bfd2a22254ed85c402f78 | ef6c0538be4692625fdce146768fe6478616ae023ac06dccd6ecddd5f93474c7 | fffb6b868f271a452cdb91801f429086aac026936318634bd0207956eb8d3510,CHANGELOG.txt | CREDITS.txt | doc/texinfo/cmake_options.texi | doc/texinfo/commandline.texi | doc/texinfo/gmsh.texi,Choosing the right unstructured algorithm | Credits | Gmsh mesh size fields | Mesh module | Specifying mesh element sizes | Top | Version history | t10 | t19,curated-evidence-v1
term-v1-121,term-v1-6f1faed5a53c3ef2fbd0ba3ec7e36ae01af13649fc01aa0eb5608e1a686505ae,unstructured mesh,unstructured mesh,mesh_geometry_solver,非结构化网格,API、脚本、选项和专有名称中的标识符保留英文；普通技术叙述使用中文译法。,网格、几何或数值计算领域术语。,approved,two-independent-reviews-accepted,not-required-by-term-policy,4.15.2,1,7a3d8fc0839671962718bc5e0c1a0531f7a280cfa76391be35db31adeeea409d,doc/texinfo/gmsh.texi,Choosing the right unstructured algorithm,curated-evidence-v1
term-v1-122,term-v1-ef15f44ebea339b7477201db6debc783d40ec3bb7554bc65036a5910657c3ff5,recombination,recombination,mesh_geometry_solver,重组,API、脚本、选项和专有名称中的标识符保留英文；普通技术叙述使用中文译法。,网格、几何或数值计算领域术语。,approved,two-independent-reviews-accepted,not-required-by-term-policy,4.15.2,4,69479a5342df8c53bdfcd488a3d118c9b78a81d9f101c141f02573602223d130 | 99c420990442f142357c4ad468227e2a400db373222626a32e65ec8496375b78 | b50884ec3d7f665535a24b0ba65249cedeb3f766c17d64508ba7207543b7f3e1 | fc79b478e08804ab97a9ec6b1dafd0d1e95280d3428a0d2f0d4d515cdc164b1e,CHANGELOG.txt | doc/texinfo/gmsh.texi,Choosing the right unstructured algorithm | Mesh module | Version history,curated-evidence-v1
term-v1-123,term-v1-38c9cd0ca84d59a3dd6544cbffa6c4daef2707d450d24db048b253c14d149f46,curve,curve,mesh_geometry_solver,曲线,API、脚本、选项和专有名称中的标识符保留英文；普通技术叙述使用中文译法。,网格、几何或数值计算领域术语。,approved,two-independent-reviews-accepted,not-required-by-term-policy,4.15.2,15,2555c798480a74cd29e19636fa821c3732b34d8add63684126925d0514bace5a | 2855ef4377c6dd74492848525e35ea42d974a348f42d2ca39051820229c66043 | 4246c9834fa20c324ce937335a0c99cdff81a9f8513d0263efe18590ae356366 | 526e89d5218a0aa1a5d3aad9b7ce4c5ba89dad047ccc2553732c018ad5dc44ae | 6a5e007573e026d234686714a1911ca74168e1af1c5be4729e4d9b974adf8b6e | 9b71255cf5874d57221d5e3763dab271f59ef5ddf473ec3433ab7e99b16b7141 | a65b25e292c9be4107e0f2f693c6a0ba3981cb17a549357680ab522b2fa624af | a802242ff0e7d9e4cf59091a0667be27f14e9c1aa3fe3d6d1b1edea9207a0064 | b78387711b6d34a5038b4751bd7334636d4f2e01bc80a2c772b594389e1c087b | b80ee66c389fdf5edd688688fc62f32476de949d56c7b86fec72a3793dd31ff9 | bfa069f0841363a9e850d6c138d44b1b8fd864306ea50d9199b4442851529e56 | c5d821143cef790192a91a6b1933d54cd53a567cc2a1459dde17c78326c7b0e0 | c7e4b9ecf5fd1c5826c8ef33cdb065de0b7a6990d3af0704ff1215e620bb87aa | ef6c0538be4692625fdce146768fe6478616ae023ac06dccd6ecddd5f93474c7 | fec6b054701648e0149b40c9978b74d975d890793d3f0ca92b2b6d63e4fd711e,CHANGELOG.txt | doc/texinfo/gmsh.texi,Geometry module | Gmsh application programming interface | Post-processing module | Version history,curated-evidence-v1
term-v1-124,term-v1-582438ccac2b33ed1326000d0346f5348af7c272e6de15eecc14b6b4c65b6efb,surface,surface,mesh_geometry_solver,曲面,API、脚本、选项和专有名称中的标识符保留英文；普通技术叙述使用中文译法。,网格、几何或数值计算领域术语。,approved,two-independent-reviews-accepted,not-required-by-term-policy,4.15.2,39,206818c66a10e7da38df1d291dc9b49d0c2c023cae0c556708efef11a868167d | 2555c798480a74cd29e19636fa821c3732b34d8add63684126925d0514bace5a | 2883d9340f7f84142775b4973878aa6dcd753d6bae690f785b0972072fdd1036 | 2f6e7850c078df2cd19098fe718ab7afae7c6ce74b9ae0dc6ac82714b4b85091 | 304e1483d5ee5f6b8528e94df7e0dbcee804196ecb8ced0f843a5ab4078f6808 | 3078f5acd6e228c07b31d8ef5f923d771902cc993a98de2383347b918dad1deb | 384bdc4b977af42545e5c6697b580162c861300e4bed5e19f2b12d5a82d2a04b | 3fa842ebbadab8fdfd60a357b86bf2a8402de98182cb4dcd53b5016f24bb793d | 4246c9834fa20c324ce937335a0c99cdff81a9f8513d0263efe18590ae356366 | 432c4255df082e7cb38b65fd87d06e5a9aee258b3c0e48dcadf2fabc30e7bf53 | 433c9d4f97b19e2af68054d462b1afec1018f7c373b7cf7a30a95132ce15bc59 | 43b58c5169ee06368e3d864b2bb4065c3d781093a5a9d1b53c143c7329a4689f | 45fc6b1fc9f21a8f0206df2a5a5e79dc767c7bdadedcb8bd8c43a9df7f4426c5 | 4847c98fd36181fee9cbac76d982b575c99b3c4774df7a3ba5735baad06aae82 | 48fcfdee79b2a7346d7c398f3a9efbf1c4417ffc1e0eb19c11f2c8add0629c1b | 4ad4a8f57d093d7e2131a19b43b7ca83cb953a0692d6a5ee8656f0db67be0d86 | 526e89d5218a0aa1a5d3aad9b7ce4c5ba89dad047ccc2553732c018ad5dc44ae | 63f3334cc585549b9ddbe2ae19370d4e164e23ccc91860b45ffe7ccc355ee912 | 69479a5342df8c53bdfcd488a3d118c9b78a81d9f101c141f02573602223d130 | 79efc440932d7759fab489195c33700facb0eac310fa2c4a510345f05865d7ff | 79f74909bf3a5f36da509b1c629d755735c5aa35be8946cda45d897117c6ea84 | 7e6e16a712f0e60cf3d7d7372957ce312271bb70729cc8d0bd2862063a25356b | 7fa71e1c9f347d4b6efa5595cb25e26cc5f5b320ec8aed76b851250e7dff117b | 86eddc5dae5bd076b842e4b7222d69b4582b4bac7e80204ab4a032cea821ea2f | 872db18084927480751ae59d161742803535f5e51405d855765bbeb8db56db6a | 8e8a44586f3f14071743f52cc0249e0fa953c07bcf03edbd228aff7e73958972 | 8fd93e010e84412c7c2a99ee4840c70df3d30adb630b79557e3e7bd4464778d1 | 92600aaad94269c4e7ec774584c8e562f534f7d84fb22fb200b3a3ecc6103043 | 9772f34f84ef3552b1f5c509d3e8251745b078dac363d89832f3f9459f8cf465 | 9f35a278148f3e843c6fe5f59fc8ce09abb5c68ed00ebad13e366b814720e6fc | a19c240dfa422da0ce3d674a9482f62ef6ed699c79690e45e458f15714db4648 | b0c9125eec81773ac7c105bc6f09fdb38da7e12f31d886d9cbf8fc850c30ade6 | c7e4b9ecf5fd1c5826c8ef33cdb065de0b7a6990d3af0704ff1215e620bb87aa | d7f5528f59b3b13c272fbaf84f651d92ab85969bd02bfd2a22254ed85c402f78 | daef6a1bebae7f22433dc4f317a232bf03a16ca17df51d086dde307f257c1b1e | dc3130943cab8c9acd1e7d65317fb9f3aa3963446144403f2c6aa0b0e24bf530 | dc6051c735f2a29e35a75741e48eeffe12cd598adb16541baad850b2c8d8e43a | ddc143ad100734282553ad45c06f6f314d965f7ab981539aa29dbeeaeb7eca01 | f2b0e1aba79598251fd04e40e40cc2d3bf3521517237bc09198aca9cf8183844,CHANGELOG.txt | doc/texinfo/commandline.texi | doc/texinfo/gmsh.texi | doc/texinfo/shortcuts.texi,Choosing the right unstructured algorithm | Geometry module | Gmsh application programming interface | Gmsh graphical user interface | Mesh module | Specifying mesh element sizes | Top | Version history,curated-evidence-v1
term-v1-125,term-v1-1adbb60939396ed1f4c8dcf9914ad18ce59c369bf73d2149f3fbe2f216a09a6c,volume,volume,mesh_geometry_solver,体,API、脚本、选项和专有名称中的标识符保留英文；普通技术叙述使用中文译法。,网格、几何或数值计算领域术语。,approved,two-independent-reviews-accepted,not-required-by-term-policy,4.15.2,20,1143de77e69357b9562dfc812285eea163c52e78de982ced673536777092e21e | 2555c798480a74cd29e19636fa821c3732b34d8add63684126925d0514bace5a | 30c9f932ee12a5f638ae140f0ac937534eabc09087e6e07d3ebe008bc87f4785 | 3f8ba93407afbeb24bf18e529ee6377f98e930c30064a38ece4f1f917fb18558 | 4246c9834fa20c324ce937335a0c99cdff81a9f8513d0263efe18590ae356366 | 432c4255df082e7cb38b65fd87d06e5a9aee258b3c0e48dcadf2fabc30e7bf53 | 526e89d5218a0aa1a5d3aad9b7ce4c5ba89dad047ccc2553732c018ad5dc44ae | 6124423662625a1cfcea0c88950b8222d17fcf724c37517c083c516d22447ff8 | 63f3334cc585549b9ddbe2ae19370d4e164e23ccc91860b45ffe7ccc355ee912 | 79f74909bf3a5f36da509b1c629d755735c5aa35be8946cda45d897117c6ea84 | 82696768b43a638f8f09272145d4eb653d0457d90944353bc8e1ef3e7ddc73a5 | 86eddc5dae5bd076b842e4b7222d69b4582b4bac7e80204ab4a032cea821ea2f | 92600aaad94269c4e7ec774584c8e562f534f7d84fb22fb200b3a3ecc6103043 | aabb448474fbd261ef2e202126f7ce19f56308caab6661c951cac1bbd90061a6 | b78446bf70686a74b992339452f14dd8b054446a2b0fc238d5cf038bb2c2c713 | c5d821143cef790192a91a6b1933d54cd53a567cc2a1459dde17c78326c7b0e0 | d7f5528f59b3b13c272fbaf84f651d92ab85969bd02bfd2a22254ed85c402f78 | daef6a1bebae7f22433dc4f317a232bf03a16ca17df51d086dde307f257c1b1e | dc3130943cab8c9acd1e7d65317fb9f3aa3963446144403f2c6aa0b0e24bf530 | fa76159e7dbbbc600f4df2f29c144d21f78471b505992e6011e8f32f68420da7,CHANGELOG.txt | doc/texinfo/gmsh.texi | doc/texinfo/shortcuts.texi,Choosing the right unstructured algorithm | Geometry module | Gmsh application programming interface | Mesh module | Obtaining Gmsh | Top | Version history,curated-evidence-v1
term-v1-126,term-v1-41fb294686581eef5373d14bf464674a556cf8c7616e1d4611caeb965d32fec9,point,point,mesh_geometry_solver,点,API、脚本、选项和专有名称中的标识符保留英文；普通技术叙述使用中文译法。,网格、几何或数值计算领域术语。,approved,two-independent-reviews-accepted,not-required-by-term-policy,4.15.2,19,0f82d2750ab88f033927f39988d7d536511ef7e1c59a30d56db8c8ba5c8b825c | 2555c798480a74cd29e19636fa821c3732b34d8add63684126925d0514bace5a | 2855ef4377c6dd74492848525e35ea42d974a348f42d2ca39051820229c66043 | 2a933c531c3ca69bb191315810af3ad87fc7617deb25dc8e67ea993bab31351c | 2d21c4954281958d6d4b59c3a19faa495c372aaf90c5dd2bee85342652f005e3 | 38b17624777207e74781f10cd00acab0a4a955fde3d8a18ccecee2ada338fe0f | 432c4255df082e7cb38b65fd87d06e5a9aee258b3c0e48dcadf2fabc30e7bf53 | 526e89d5218a0aa1a5d3aad9b7ce4c5ba89dad047ccc2553732c018ad5dc44ae | 78d677da81030abc6ed898123913cb6e61e081e0db346cc79bd892ffc503954f | 86eddc5dae5bd076b842e4b7222d69b4582b4bac7e80204ab4a032cea821ea2f | 9b71255cf5874d57221d5e3763dab271f59ef5ddf473ec3433ab7e99b16b7141 | a65b25e292c9be4107e0f2f693c6a0ba3981cb17a549357680ab522b2fa624af | b78387711b6d34a5038b4751bd7334636d4f2e01bc80a2c772b594389e1c087b | c332d374bc19994814737790a9295357c5ae18717b9ee67488fb0f13b00b57e0 | c5b78173ebfc87d4ff69a2d381739b271d5df2889784a9e9a3ae1c355f074b51 | d7d48731b5fa02803c360e2ee09d2922371b001f06dd4f1e94e08509fa4c324f | dd2a185094e73680b92b23fddbd6b77625a104e695d95ce96b4533ceee4c7662 | defb28d316600cd3095de5ef2cb4a095650cf7611e68663b645e0c3210797d6f | f565372dc7221e21342ef99428018d0002056298950a78a114aad4c154dc0677,CHANGELOG.txt | doc/texinfo/cmake_options.texi | doc/texinfo/gmsh.texi,Geometry module | Gmsh application programming interface | Post-processing module | Source code structure | Top | Version history,curated-evidence-v1
term-v1-127,term-v1-88cba64d60f990486956c3fe0ed67f84fc33fb2e9ca7915631e421f13d90e27e,boundary,boundary,mesh_geometry_solver,边界,API、脚本、选项和专有名称中的标识符保留英文；普通技术叙述使用中文译法。,网格、几何或数值计算领域术语。,approved,two-independent-reviews-accepted,not-required-by-term-policy,4.15.2,24,020a683f24413a432458fc301b6f62cc457aa9d9abbeef1b58ddc930fa8c2533 | 0db0ef1b59bec8c18190f93fc64184b074d3f0af6592508b54b2052acdf7187b | 0de97a5338ff2f4976bf143ea029291c33fca73db65722b852d830c2ec8edf08 | 2555c798480a74cd29e19636fa821c3732b34d8add63684126925d0514bace5a | 2883d9340f7f84142775b4973878aa6dcd753d6bae690f785b0972072fdd1036 | 2aa2ed13a013ecf995639a040ef12b84df099de67ae58a776cbed54bb9e51b93 | 2bc41d7127b81cc9bc2599c82b84b36a9a0cc06787c09b10c9cfd4fdaa883e2c | 2f6e7850c078df2cd19098fe718ab7afae7c6ce74b9ae0dc6ac82714b4b85091 | 30c9f932ee12a5f638ae140f0ac937534eabc09087e6e07d3ebe008bc87f4785 | 36b54c7b7dda3b29c065dae989469ea12f7af28e4d3c944ab6f59de4cae05b22 | 4246c9834fa20c324ce937335a0c99cdff81a9f8513d0263efe18590ae356366 | 526e89d5218a0aa1a5d3aad9b7ce4c5ba89dad047ccc2553732c018ad5dc44ae | 79efc440932d7759fab489195c33700facb0eac310fa2c4a510345f05865d7ff | 79f74909bf3a5f36da509b1c629d755735c5aa35be8946cda45d897117c6ea84 | 8ca7d68c6b5bb62fe91daf71a8c1bc4f5edf50225542abe489cdb7709e1fc3ba | 8eccf957db874cfa48e5e31f5c3e0b0beeffc1d34d91ffccc2c52ffcd73e62e4 | 98abcddd3d55ee4c32e78c88838d8d9496f4ef46467bb51f6b95a9ae196e7788 | a65b25e292c9be4107e0f2f693c6a0ba3981cb17a549357680ab522b2fa624af | b50884ec3d7f665535a24b0ba65249cedeb3f766c17d64508ba7207543b7f3e1 | b78387711b6d34a5038b4751bd7334636d4f2e01bc80a2c772b594389e1c087b | bfa069f0841363a9e850d6c138d44b1b8fd864306ea50d9199b4442851529e56 | c361a97c703b967a6263f5f6b5f05e8ece2416029fa1e3cdf4e2c219615f1fb1 | d7f5528f59b3b13c272fbaf84f651d92ab85969bd02bfd2a22254ed85c402f78 | e0624d0c2f35f889f371fa15e91bba9ed01ef8aca7d47d8d6897c5ca6e1233bb,CHANGELOG.txt | CREDITS.txt | doc/texinfo/gmsh.texi,Choosing the right unstructured algorithm | Credits | Elementary entities vs physical groups | Geometry module | Gmsh application programming interface | Mesh module | Post-processing module | Specifying mesh element sizes | Version history,curated-evidence-v1
term-v1-128,term-v1-5c07cf5953b335f057e5e1a4b0a5a95501718e7528510483f12dc775f93ca1dd,Delaunay,delaunay,mesh_geometry_solver,Delaunay（德洛内）,API、脚本、选项和专有名称中的标识符保留英文；普通技术叙述使用中文译法。,网格、几何或数值计算领域术语。,approved,two-independent-reviews-accepted,not-required-by-term-policy,4.15.2,18,01bfa817eac0fff5381426f7a82cdd9bdd5ded887934b74f31faccb06125d1cc | 037b9ea0ce9b95ac00e46eec5d0e9973b2fab62a595ab31bf09917b89b68e81f | 3078f5acd6e228c07b31d8ef5f923d771902cc993a98de2383347b918dad1deb | 30c9f932ee12a5f638ae140f0ac937534eabc09087e6e07d3ebe008bc87f4785 | 432c4255df082e7cb38b65fd87d06e5a9aee258b3c0e48dcadf2fabc30e7bf53 | 440013654ef712b354f76cf5cee6ff9c8aa98c235899fd288d420e2486055fd4 | 55d6f5b8114428edab5be1c0c317c45846d79461e4b3e1556c57bcca05c84d85 | 78e99c7c0d2065b20eb9675cbfebd01e4e0d51aab0e5e14459d16ad41449cadf | 79efc440932d7759fab489195c33700facb0eac310fa2c4a510345f05865d7ff | 7a3d8fc0839671962718bc5e0c1a0531f7a280cfa76391be35db31adeeea409d | 7bf8f61ada09c7778197625be808a923c39f52d31a2c8f1dbdd9d22bc164a927 | a19c240dfa422da0ce3d674a9482f62ef6ed699c79690e45e458f15714db4648 | c332d374bc19994814737790a9295357c5ae18717b9ee67488fb0f13b00b57e0 | cdfcdfe541afff575a7e0e4f04c7bf26f48f846373301f50e0cda12560f457a3 | d7f5528f59b3b13c272fbaf84f651d92ab85969bd02bfd2a22254ed85c402f78 | d8e33dac5e27ed1a0b8c0099abf1a6d22c1b428ee8b404cd11eb2738979d2953 | ead74d832e0f9aa254bbcd39ba1d90dc6b6db6e43d33e02ed104d8b7c2639aed | fc79b478e08804ab97a9ec6b1dafd0d1e95280d3428a0d2f0d4d515cdc164b1e,CHANGELOG.txt | doc/texinfo/gmsh.texi,Choosing the right unstructured algorithm | Version history,curated-evidence-v1
term-v1-129,term-v1-9242ebdfc7607d7fd1cdddce33796fa7045eede07adee0bdc5a2638eaf0a51e1,solver,solver,mesh_geometry_solver,求解器,API、脚本、选项和专有名称中的标识符保留英文；普通技术叙述使用中文译法。,网格、几何或数值计算领域术语。,approved,two-independent-reviews-accepted,not-required-by-term-policy,4.15.2,33,01f38054ea208967f582f37a4cf7875d77ecba09df70abdfb9cf47990b7447af | 021c239faaf390dfc1292c369a164678ff15c87be3e31202c16ab9da5fb392bb | 0b04d501a793536a3ce7d7ee118a2fa677dcf978d9bd2aafce8a2130d237622a | 0db0ef1b59bec8c18190f93fc64184b074d3f0af6592508b54b2052acdf7187b | 150be1a29e71937f303bc468b0e1a675190503a6801e0db9dd99a4c2c998ca43 | 1a58d8fb5d3599553c61ca84aefb6513797f94681873aefcc4d5557b1cbcab76 | 1bb04908d6fac47ac16dfd59c9fa2f4dd56abe57734b5f3e8b3c3f6df5da37e4 | 27039843cfc77bdc1e4295349dcba197f965ac7f7c0ec7572b0d650ce8121123 | 2b716817d5e4f6e6a90af19376e51114430f3244b6ac1f3d4613708780e876ab | 2dfd673ee911347b58c9545cf738880d29485bd6ad34f195f01ae1476ff76b76 | 2f5f734edc40c2415b014568276372844484bd0bd24f3242e038c7ecb7f29dea | 2f7160b7d621cf34053e7803634b947f503542b1b3766424edbb756455e83923 | 3655f4cb206e6f4149dec96bb9c3dcc1cfeca9e2cd6a1201c1bc9d241a62c6b2 | 39e21e03a5c00c01ff09471cdf0071369b03f974400e1d95c25e2f33262998f8 | 493456819369517e254416561c095b2355caa7654064488f0a9dab64e044c5fe | 5442de2898a1e32f5e8d444aafd99ce921ac8ec5a50d577cfb0854982ed62826 | 66a3b1eacdbd2fdeec13d17aaa788a47ce7675ed99677dce0234167d0cedeb5b | 6785538f4e697e9e8185bdcccc94f569b17cc0beb6b0adefd21f09d4b868fa43 | 78e99c7c0d2065b20eb9675cbfebd01e4e0d51aab0e5e14459d16ad41449cadf | 84327ffc654afced68d337c2e814267dfbece4143b8c1fc04cbd934af3e44ed9 | 871a6d70a5c605e3c9c07977e918065b2ae22f83c25eb591abb0cc419de13f59 | 872db18084927480751ae59d161742803535f5e51405d855765bbeb8db56db6a | 8caa191e3cf8aecd24232cf648eba9be3d9d6b93953e433a7f728e67b5c6fc8d | 93c71f615186a960853b9932ea3495d7ef34585e42df49bdd7394e0897c3cc6c | ac705970ab7ec770499c7faa3382c25ff3bf54367d16d689505edafd8d415309 | b3816c8f8f12ec5ef1018e2a23913e9140e448f0ded888f82ab9bf57da00fb64 | b7ee2ae0dfa5ec10239296343d50eb7d0a0243238b7dcbd206c5656b5ff648f4 | c484c3289fd685c66e5d422f97677ff2cee5df2fb2651efc45e009e1afe4a7d3 | c64821bdd663b85c371f471bf3b8840db46d99519d367fd765133f5535ff699a | caa85a3f45937e8fcfca218aabcbb006cc8f23fbb75c26fdf311a6038b2970ed | da4004fcd72e9dffcc1157ae5e3c85c341e0ff810ae75df8528185b27ba967dd | e5dace1dc17deba76132ff55569015b5b2640410d758d992119b75ec1e6c7644 | f4809afe4f265184427aadffb1f95cb779e67c0655752ee47968665b571b3eca,CHANGELOG.txt | CREDITS.txt | doc/texinfo/cmake_options.texi | doc/texinfo/commandline.texi | doc/texinfo/gmsh.texi | doc/texinfo/shortcuts.texi,Credits | Gmsh graphical user interface | Installing and running Gmsh on your computer | Overview of Gmsh | Solver module | Solver options | Source code structure | Top | Version history | What Gmsh is pretty good at,curated-evidence-v1
term-v1-130,term-v1-e909ab48b676bbd09e714673bd04c1be0790da9d5b6e3a8e3dff8eccacf269f7,post-processing,post-processing,mesh_geometry_solver,后处理,API、脚本、选项和专有名称中的标识符保留英文；普通技术叙述使用中文译法。,网格、几何或数值计算领域术语。,approved,two-independent-reviews-accepted,not-required-by-term-policy,4.15.2,82,021c239faaf390dfc1292c369a164678ff15c87be3e31202c16ab9da5fb392bb | 0bd6f5829af68fbd1811e93d6a86e96472bc55f1439e74f3e027372b7a88fc50 | 0c36b7b82004e43ae138e0ceb8f7041c176cb3dea48db0c0123135c892b0a6a7 | 0db0ef1b59bec8c18190f93fc64184b074d3f0af6592508b54b2052acdf7187b | 11e1dfb04826f02561de6e57dfc253c9d7982b4b0352ec76eb5c890b03262093 | 12d3b5f9c51576a8b7729544566c8a1a52e55280e6835fc05ebd5ed4060fec8b | 169a9781a561948225d97aec114746cb48dc2ed10a549e574d6c4ebb9b5976c6 | 1838a3933f352b57517065802c16ac3d291dcd1000bc746625b741b152af8cbc | 18a8c18d5dd092aeb732ab3c89420db88df230c07404f0ce77dfd1fe34c1e902 | 1b20fe149d559fbd02cd2afee72f2eea99c62ada3b1afc630391ec82eba35211 | 22c0c03d4db460b78ba0040760a9e4b98d477cf5ac6d65c5131a86915fdf9763 | 27039843cfc77bdc1e4295349dcba197f965ac7f7c0ec7572b0d650ce8121123 | 2855ef4377c6dd74492848525e35ea42d974a348f42d2ca39051820229c66043 | 286f4afa64012078d71ffe887ed4f09301aa03e24cc9ed7535c6d9c15f341995 | 28bc715b47d88ed63811c1b7709446fb4bed299b9c2057e1a03a57b44bb9f51d | 2ad1ed9529366cc4a90d45969eb5c0084d3eb4e66d941e3bbd8be89bf41934f3 | 2ad84d84caeb66952f1d044fef0839de73cf74563cfb3730615a2b4d4ceb55b9 | 2d0f6febc9cfc98c2cf730282d6477cc49b0db74763a44ec641deb7c54d6814a | 2dd6ba7396db4dca6fcda786a50d7bb2554d5edbe58e302c51580e064917df53 | 2f5f734edc40c2415b014568276372844484bd0bd24f3242e038c7ecb7f29dea | 2f7160b7d621cf34053e7803634b947f503542b1b3766424edbb756455e83923 | 39220f256f2e7989a4408f9b84ebe8f7f85424581fe3e29a1a598dd08c7e760c | 3df7112e74a98c76bb65321e325510b71ebe66c7c8bf0a82df234c9cb672e462 | 457af8ddac11c4beb393a30e644952208b57417a27a833c8222adc0c97bc9142 | 4847c98fd36181fee9cbac76d982b575c99b3c4774df7a3ba5735baad06aae82 | 491deb68e48c02cba3028c77091152cf8f3595c9710df2bd535e7e1d8c2116e9 | 499293ac8a1917dfcdce041709a06e1de6c78e05ff94a493fb944bac243dfacb | 52d7e36f30ca87f148955630724a7ffd98c83980b701c64f3e1a5772dd407ddd | 54de76025417cca8f90f715772c210246f177ed47f0c76d9c7302b077084d765 | 5557a41ea3a449491d2b0e3baa62eb95846a4f7391e08e613516ba96c5dccee1 | 57731a46f7488c82106aab5dc3666ef007e47d35cb4cea5cbb7d96d7b7051c35 | 59c5ba9103cae60bd2390416729b7be22ba7d1fe4ea36cdc6d6304009b000f2e | 63f3334cc585549b9ddbe2ae19370d4e164e23ccc91860b45ffe7ccc355ee912 | 64b673137877fe6b818813e337906682c3952d20c373deab268ecbd0a9ef50d9 | 67025a93d03422f592af87e47ef34d41aea170cc714482c89d540b04e03aa3c2 | 693a89dc95539a5cf1c4049e21df391b2f81d768e422f3944dda97e1ab5cee2a | 6a934c582d767f83957c37f99fb0df79dc0bdcb12c960d0f9dd129007a923d1c | 706338d7c5e92a5777cbf87e8a0d64390e9a375d599574eeea1e90504f3870f1 | 78e99c7c0d2065b20eb9675cbfebd01e4e0d51aab0e5e14459d16ad41449cadf | 7fa71e1c9f347d4b6efa5595cb25e26cc5f5b320ec8aed76b851250e7dff117b | 83e96557feba71e90723cc0ab2c775d4fa8ab448641a3d569e70d467155431b5 | 86bdf1776df1d227ba350e1e3008851f0f85cb0bf650b92f3f23b57efe063b6b | 872db18084927480751ae59d161742803535f5e51405d855765bbeb8db56db6a | 87c0b606880f64dd765ccd639c2f5eafe4414e6b90c466bf7685d028bf3b2449 | 888cb7aaad5c26f9bcf5c8124b7873fad9f3101dc5a52683f51928df8fb6f590 | 89ed7a3f8c793dcf74653d21ad328c2e22120175a2f094d7b0afa6d71f9e8af2 | 8be5d77315a07852a5106820d556e9233f7e6de93a5b7c2fabb7c0afab73d45d | 8caa191e3cf8aecd24232cf648eba9be3d9d6b93953e433a7f728e67b5c6fc8d | 8d74673d19c3b81f1a28ee1a8f16f0ebef69a37236e9f1dfaf8f5d293b55e7a7 | 8eccf957db874cfa48e5e31f5c3e0b0beeffc1d34d91ffccc2c52ffcd73e62e4 | 8f8491b96e3275aa808e6897356c00ea29bd15a86f833e1c8ca1cc254b3c97ed | 90806d127badcf4b587e49581c86cba6ea6375e7c0194408513bca632e385da9 | 92600aaad94269c4e7ec774584c8e562f534f7d84fb22fb200b3a3ecc6103043 | 9351c05de8c3177ecfcf54f3d381efd3e4aee7800f02525bfcb8eeb3787520e0 | 96673a25e8010b7b2de340160479e130a99d3e65cd8adaae42fd2c268ebf9f1b | 97305d800578ba27e1f928980c79201f9869c1fd2c2cad519fd7121eb329eebb | 9772f34f84ef3552b1f5c509d3e8251745b078dac363d89832f3f9459f8cf465 | 98b4db2ea4c07baea2d75be2c7593ec57e3270818daea9cfd27b7d33268e6774 | 9b365c026221f9cc7b932b2a2af96a4b2b5a6c44b11eac12efa6cef7f4e38e4d | 9e1ffeb96640d6860e3b29426dbb8960637a701e05d2abf83e88d3945a69fa3c | a231b9ded9fd41004ec97195e36c1b221ca7b11084f01004aa12529d9846910c | a9221704ca54a63e07da157c63b051ce44e4346ef9ef4cdc68f888f34fe365b3 | b4fb02f7f48070a849b14311fe11172767a0b3505d410d168127a5d8ba9b0c98 | b78446bf70686a74b992339452f14dd8b054446a2b0fc238d5cf038bb2c2c713 | c361a97c703b967a6263f5f6b5f05e8ece2416029fa1e3cdf4e2c219615f1fb1 | c484c3289fd685c66e5d422f97677ff2cee5df2fb2651efc45e009e1afe4a7d3 | c50ea0548422e2da0dec8f6a6fe845b74b28bec125d7f8e360a5bb8f2c43ed6f | cd347fa927ce26c102233781db5a2a015099ac85c33bb9df7ddea13d9b4986dd | cd3c4ce4c7e7b824c0f8c57455024f273709cd282a41fcbd09ab9e950e4ed18d | cf449e8888b6ef8373f4b94c55936ac5515b92521f8fd4cf47003f6a024f361c | cfd033a4af6cb42baef01bded7db944b0edfb44d7fadcfa8ab8366b9bdbf6372 | d2b9e387af30d55d02814a4643d71a89ba2ed98a05374b3b0680d79344405d7e | d8e33dac5e27ed1a0b8c0099abf1a6d22c1b428ee8b404cd11eb2738979d2953 | dc6051c735f2a29e35a75741e48eeffe12cd598adb16541baad850b2c8d8e43a | dd2a185094e73680b92b23fddbd6b77625a104e695d95ce96b4533ceee4c7662 | de8316b8616ada10b7f2e17acad142897fa6bf9090d53743cb2304c22b2b4c4e | e72ac383f8dbce6d4b32d8236f0102b07e95ec4e471c2a34f590c4e100b51cbc | ef6c0538be4692625fdce146768fe6478616ae023ac06dccd6ecddd5f93474c7 | f380c75bbd71596e106b684aac433806cd15a27e74247d794a6de789c0e71143 | f782f456dcb6580641140bdcc8bd768ecefee28e4e553e591aef17aca9cb7d88 | fd62034e12c112178f7299fa61350a0647fbd43534a7a910f80ff8f7a23a1920 | fe305168a173caf5e20aec0cc353915f62d4f402a08f278f7e48e7c759739684,CHANGELOG.txt | CREDITS.txt | doc/texinfo/cmake_options.texi | doc/texinfo/commandline.texi | doc/texinfo/gmsh.texi | doc/texinfo/mouse.texi | doc/texinfo/shortcuts.texi,Adding a new option | Choosing the right unstructured algorithm | Credits | Gmsh application programming interface | Gmsh graphical user interface | Gmsh plugins | Obtaining Gmsh | Overview of Gmsh | Post-processing module | Post-processing options | Post-processing view options | Solver module | Source code structure | Specifying mesh element sizes | Top | Version history | What Gmsh is pretty good at | and what Gmsh is not so good at | t8 | x3 | x4,curated-evidence-v1
term-v1-131,term-v1-3e5777e79dfb31bb15fd1e4425aa1d992e88e69a7c2db4fd837241459dfff835,graphical user interface,graphical user interface,mesh_geometry_solver,图形用户界面,API、脚本、选项和专有名称中的标识符保留英文；普通技术叙述使用中文译法。,网格、几何或数值计算领域术语。,approved,two-independent-reviews-accepted,not-required-by-term-policy,4.15.2,13,24939a741c7321a54082d47a9dc0c6accd0443600b6f4878cd1437b1499c920f | 2f7160b7d621cf34053e7803634b947f503542b1b3766424edbb756455e83923 | 4847c98fd36181fee9cbac76d982b575c99b3c4774df7a3ba5735baad06aae82 | 4af4b1fa447e0f7c1f235d96ab6d8c22e8147e6da0dbfb585978d7fa86077d46 | 6785538f4e697e9e8185bdcccc94f569b17cc0beb6b0adefd21f09d4b868fa43 | 6f5ca75863ee63205e448b9151abfe537a98bd1f40d0d962463da57e96dd63c0 | 86bdf1776df1d227ba350e1e3008851f0f85cb0bf650b92f3f23b57efe063b6b | 8af49798f80d6002f6ac14ef68b267232d8a5bb6385cea82f4b135ff38523ea0 | 9f35a278148f3e843c6fe5f59fc8ce09abb5c68ed00ebad13e366b814720e6fc | cb895658eb60f327a8b6871d86943ac50d1150f21e1162700439e02583c6ce2a | d0a773f19e4c7de2b5b3f9d885398421cbba0d6b15e4c8eefaf9f9a35d6bcca9 | d895f29c1cfbde66d58b305ba72c9587eaa0e6bf3b88910783d0430c985d5bf9 | ec55080880e2e0b22e0215a5115bc9aeba85cfb4e6109fc25d8f631a8bc18d81,CHANGELOG.txt | doc/texinfo/cmake_options.texi | doc/texinfo/gmsh.texi,Geometry module | Gmsh application programming interface | Gmsh graphical user interface | Gmsh options | Gmsh tutorial | Installing and running Gmsh on your computer | Overview of Gmsh | Top | Version history | and what Gmsh is not so good at,curated-evidence-v1
term-v1-132,term-v1-2a15e0423d7c58458834b5814224b259dcba93be218b6bacd977628ced917cf2,mesh generator,mesh generator,mesh_geometry_solver,网格生成器,API、脚本、选项和专有名称中的标识符保留英文；普通技术叙述使用中文译法。,网格、几何或数值计算领域术语。,approved,two-independent-reviews-accepted,not-required-by-term-policy,4.15.2,13,1ddaffa7de5398ef234dd18b509342e711e3efcacfa89261ec945365bd066d7d | 2b716817d5e4f6e6a90af19376e51114430f3244b6ac1f3d4613708780e876ab | 4bce21de7ab6f1daa6d72abddb43e04d9ca398d7deecc97e466073f4134c1df1 | 789045bc0a5c32bf50f31b188f8c5508514382b7fb3de74946875065d36faadf | 8d74673d19c3b81f1a28ee1a8f16f0ebef69a37236e9f1dfaf8f5d293b55e7a7 | 8fd93e010e84412c7c2a99ee4840c70df3d30adb630b79557e3e7bd4464778d1 | 934aecb49b901810f1437cfd527924577279b5892614e06d90a0cafa79cb36b5 | 9469d87772dc2a0c4d9539c8b8cc44d7aa10ff7b0476951d4eaa4f58eb607d23 | b78446bf70686a74b992339452f14dd8b054446a2b0fc238d5cf038bb2c2c713 | d8e33dac5e27ed1a0b8c0099abf1a6d22c1b428ee8b404cd11eb2738979d2953 | e440824c85b0cec645078d96d5682b2a97f3ff68086723af99fef67e15483f11 | e72ac383f8dbce6d4b32d8236f0102b07e95ec4e471c2a34f590c4e100b51cbc | fc79b478e08804ab97a9ec6b1dafd0d1e95280d3428a0d2f0d4d515cdc164b1e,CHANGELOG.txt | doc/texinfo/cmake_options.texi | doc/texinfo/gmsh.texi,Choosing the right unstructured algorithm | Obtaining Gmsh | Overview of Gmsh | Top | Version history | and what Gmsh is not so good at,curated-evidence-v1
term-v1-133,term-v1-5eb8bf6788677c6b8619a5e9e4c5a55e6d4ce34acd2c731b913cc3f0ff72fdd0,mesh element,mesh element,mesh_geometry_solver,网格单元,API、脚本、选项和专有名称中的标识符保留英文；普通技术叙述使用中文译法。,网格、几何或数值计算领域术语。,approved,two-independent-reviews-accepted,not-required-by-term-policy,4.15.2,12,2555c798480a74cd29e19636fa821c3732b34d8add63684126925d0514bace5a | 27001a9897b410a9e51fc12706ae3e16a8efd7201b2dc78854a007a9e3916950 | 2883d9340f7f84142775b4973878aa6dcd753d6bae690f785b0972072fdd1036 | 326c26be9fc702d68cdecc1cd48428346e63719778e7d40d75b43ce0c8e31f2c | 3394b9311cea7c50791a174ca74144b39ededf7aa86c65870aedab02224763c6 | 59e08248fe36bbc52fce040a67da4b5362842bf2679ffba522a01314f71d3a57 | 69d7e79ccfd11c0d3faf2ba72dc9ea5c97f64db3413f972c2e1ccbb6426735dc | 77695293df33e479e42cca002d38943747f7d6c33978d4f71cb80d4897d9b658 | 804b9fe3a6ff54226ac7d876ef70c8194afb771f93384cb49e87502a771a72e4 | 912ac6498af28b5079a3d576700afd32313d41d2e6fa08fbc2cebd0c298f2fdc | c2095b35733ddfa3b0531ac8722e8cbbf689a689fe41b9aae10a709857f0f390 | cdfcdfe541afff575a7e0e4f04c7bf26f48f846373301f50e0cda12560f457a3,doc/texinfo/commandline.texi | doc/texinfo/gmsh.texi,Choosing the right unstructured algorithm | Gmsh application programming interface | Gmsh mesh size fields | Specifying mesh element sizes | Top | What Gmsh is pretty good at,curated-evidence-v1
term-v1-134,term-v1-1602714da34ac548733e6a78d236046f1218f99ea6f781c73da77792232e3ce3,elementary entities,elementary entities,mesh_geometry_solver,基本实体,API、脚本、选项和专有名称中的标识符保留英文；普通技术叙述使用中文译法。,网格、几何或数值计算领域术语。,approved,two-independent-reviews-accepted,not-required-by-term-policy,4.15.2,5,1711055d2fe7a8f847074debc4ba18c296ae7671909e7596a022cde1a9eb4333 | 5c781a847436b3e270c4e65c199fb41db888a6b65eace8288726e12001bb432c | 633add70515199354b1dce5d6ec2203fce148e1a8109e6832ce6bdb4c0d16dd5 | 9fa989b2cfecd1bf2de19754690f79a63d9bc03ef50752649da04091a3239570 | fe00b09ed3bb6008421ab6700931d3521150d021bac3e788d15adc87dcee3661,doc/texinfo/gmsh.texi,Elementary entities vs physical groups | Geometry module | Gmsh graphical user interface | t1,curated-evidence-v1
term-v1-135,term-v1-65e0461208da302283574ea46c119efad4348fd96a3825a276494a9e2ff932e7,discrete entities,discrete entities,mesh_geometry_solver,离散实体,API、脚本、选项和专有名称中的标识符保留英文；普通技术叙述使用中文译法。,网格、几何或数值计算领域术语。,approved,two-independent-reviews-accepted,not-required-by-term-policy,4.15.2,4,82685a92bf5c81f13c87427304ac1d1aeb7131b677899e58a2b5406a0b1e985b | c7e4b9ecf5fd1c5826c8ef33cdb065de0b7a6990d3af0704ff1215e620bb87aa | ddc143ad100734282553ad45c06f6f314d965f7ab981539aa29dbeeaeb7eca01 | f168cd4bf2842f0fcb71ae3bb816435910dcf3efabc5dcf7d07c78c5fbb41c2a,CHANGELOG.txt | doc/texinfo/gmsh.texi,Geometry module | Gmsh application programming interface | Version history | x2,curated-evidence-v1
term-v1-136,term-v1-ed36d5234c537f8f1dd550b611c5ce9353d7cd55658fc29fee784066d32a3208,source code,source code,build_workflow_faq,源代码,命令、路径、工具名、软件名和代码标识符保留原文；普通说明使用中文译法。,软件构建、安装或使用说明术语。,approved,two-independent-reviews-accepted,not-required-by-term-policy,4.15.2,4,341b3de4ffb5bb884c24ab2ff6fb8a9aadd2049925e39b03de366ffbec392096 | 9b6c47615434fd12584685e1c4c137c31c49590ba59563d3ff39a36cfff9f6d1 | ada9ac14041e96aba6570d38519e7fdf4bfa5292e8569474cd51e3b1da6677bc | bde80a020f97a9e99b7529f857c4c3278fa620e717cc47dfa6b1960564821622,doc/texinfo/gmsh.texi,Compiling the source code | General questions | Installation problems,curated-evidence-v1
term-v1-137,term-v1-a1a28fa51ed4221f03881b03ec06011c24858702b1f97faf602f207ca63e806d,CMake,cmake,build_workflow_faq,CMake,命令、路径、工具名、软件名和代码标识符保留原文；普通说明使用中文译法。,软件构建、安装或使用说明术语。,approved,two-independent-reviews-accepted,not-required-by-term-policy,4.15.2,3,214447d3a9e3b6c0be42a2acdcb5b82addbaa7f4cf039003fd028325d31d1335 | 9b6c47615434fd12584685e1c4c137c31c49590ba59563d3ff39a36cfff9f6d1 | ada9ac14041e96aba6570d38519e7fdf4bfa5292e8569474cd51e3b1da6677bc,doc/texinfo/gmsh.texi,Compiling the source code | Installation problems,curated-evidence-v1
term-v1-138,term-v1-7555a55b172b8c13a731dee8eed93882bd50014bcc4a2338f9f6703b3c1d7367,compiler,compiler,build_workflow_faq,编译器,命令、路径、工具名、软件名和代码标识符保留原文；普通说明使用中文译法。,软件构建、安装或使用说明术语。,approved,two-independent-reviews-accepted,not-required-by-term-policy,4.15.2,1,9b6c47615434fd12584685e1c4c137c31c49590ba59563d3ff39a36cfff9f6d1,doc/texinfo/gmsh.texi,Installation problems,curated-evidence-v1
term-v1-139,term-v1-2cd461764de43ad9ddaba36ac92a70f458d2d0241f3b5930d3750a6d546f17b4,compilation,compilation,build_workflow_faq,编译,命令、路径、工具名、软件名和代码标识符保留原文；普通说明使用中文译法。,软件构建、安装或使用说明术语。,approved,two-independent-reviews-accepted,not-required-by-term-policy,4.15.2,1,ada9ac14041e96aba6570d38519e7fdf4bfa5292e8569474cd51e3b1da6677bc,doc/texinfo/gmsh.texi,Compiling the source code,curated-evidence-v1
term-v1-140,term-v1-a3c2fc73287f6e9ba793beab2dd12aa36a4e668787acdcb6f78cccc77510a177,environment variable,environment variable,build_workflow_faq,环境变量,命令、路径、工具名、软件名和代码标识符保留原文；普通说明使用中文译法。,软件构建、安装或使用说明术语。,approved,two-independent-reviews-accepted,not-required-by-term-policy,4.15.2,1,47f60b2d78d3804c17cae4710018a3894e37c5630c6f454801c20b5c46a782e4,doc/texinfo/gmsh.texi,General questions,curated-evidence-v1
term-v1-141,term-v1-cb962f86c48593f6e9d77f17be28627f08b935a4e8163dabafabbe5f4938393c,command line,command line,build_workflow_faq,命令行,命令、路径、工具名、软件名和代码标识符保留原文；普通说明使用中文译法。,软件构建、安装或使用说明术语。,approved,two-independent-reviews-accepted,not-required-by-term-policy,4.15.2,3,23096b8c3d13cce7df1be8ec9484000a099a07e800b8b5445faa7ed278b930da | a8998349664ddd5057e3a9f1167156925d916206f114e15d2635b371ee01ee25 | f61964149cf6bf22261731e7460bec2dff14c8bb42fd73406fe71b04a84737df,doc/texinfo/gmsh.texi,Mesh module questions | Solver module questions,curated-evidence-v1
term-v1-142,term-v1-c6eb02bf9c91b92b25f3a6387364cab08dead84483ffaae4b2b9409111179f86,working directory,working directory,build_workflow_faq,工作目录,命令、路径、工具名、软件名和代码标识符保留原文；普通说明使用中文译法。,软件构建、安装或使用说明术语。,approved,two-independent-reviews-accepted,not-required-by-term-policy,4.15.2,1,2b459c04b258890c9efbf785065efe84fa35846fa627fa22e791796f0674744e,doc/texinfo/gmsh.texi,Installation problems,curated-evidence-v1
term-v1-143,term-v1-360635dc9c9a6234f7419ef9e92a9715745dd8522b56411e310e06a58f82a010,OpenGL,opengl,build_workflow_faq,OpenGL,命令、路径、工具名、软件名和代码标识符保留原文；普通说明使用中文译法。,软件构建、安装或使用说明术语。,approved,two-independent-reviews-accepted,not-required-by-term-policy,4.15.2,2,5744c3578ab3c0e0f7a7c671068117c35702f78eeaf5625fcb3146435bd690d0 | c927f272847c339dd28cae5726c44b321bb85e3771012cf1e69707026f93f19d,doc/texinfo/gmsh.texi,General questions | Installation problems,curated-evidence-v1
term-v1-144,term-v1-19c9e4cd72bfa24bee1fe03814b3beb725edc40a82b360d334c2e17b9dce6b10,installation,installation,build_workflow_faq,安装,命令、路径、工具名、软件名和代码标识符保留原文；普通说明使用中文译法。,软件构建、安装或使用说明术语。,approved,two-independent-reviews-accepted,not-required-by-term-policy,4.15.2,1,c347758b638bdd03ca70cfa9fd465017913c2e3c4c47c66ce5f39e1d3aabfd0f,doc/texinfo/gmsh.texi,Installation problems,curated-evidence-v1
term-v1-145,term-v1-e8f4436a658717608e890a0bd85fa32da62be2a061c515809ca90bdb2252d413,libraries,libraries,build_workflow_faq,库,命令、路径、工具名、软件名和代码标识符保留原文；普通说明使用中文译法。,软件构建、安装或使用说明术语。,approved,two-independent-reviews-accepted,not-required-by-term-policy,4.15.2,5,15914d073167c6f31ccbf40f6942937fa74cb19f9aec4848d6ff0ed02678e241 | 341b3de4ffb5bb884c24ab2ff6fb8a9aadd2049925e39b03de366ffbec392096 | 5744c3578ab3c0e0f7a7c671068117c35702f78eeaf5625fcb3146435bd690d0 | 824ae2a4cefd36a326f0268e5c3a7c24bc5d28ac1ba844d2b318c2c89266a7d2 | c927f272847c339dd28cae5726c44b321bb85e3771012cf1e69707026f93f19d,doc/texinfo/gmsh.texi,General questions | Installation problems | The basics,curated-evidence-v1
term-v1-146,term-v1-d4ab9d7b5a1b33c314155db724d81f0ecd30836d6885e6515f33da63889882b5,build,build,build_workflow_faq,构建,命令、路径、工具名、软件名和代码标识符保留原文；普通说明使用中文译法。,软件构建、安装或使用说明术语。,approved,two-independent-reviews-accepted,not-required-by-term-policy,4.15.2,5,1b0e1bb29e99a45659770552333d5a8dd6885c518a88e57b281f957c7c66c22a | 214447d3a9e3b6c0be42a2acdcb5b82addbaa7f4cf039003fd028325d31d1335 | 7dc848396e84f2b813de5e09e7881ad6dfe7e1d4cefbea829cafd486e0e7e95d | ada9ac14041e96aba6570d38519e7fdf4bfa5292e8569474cd51e3b1da6677bc | b83fd77f8eff3f009c9bc721bc871c8f6845fad24191635a2e2f85cd980f7223,doc/texinfo/gmsh.texi,Compiling the source code | Geometry module questions | Mesh module questions,curated-evidence-v1
term-v1-147,term-v1-b766d9b9acf7caff9afe6a2f975ffa47f0603e90ef21561fb9b6ae68b9773dfc,system,system,build_workflow_faq,系统,命令、路径、工具名、软件名和代码标识符保留原文；普通说明使用中文译法。,软件构建、安装或使用说明术语。,approved,two-independent-reviews-accepted,not-required-by-term-policy,4.15.2,5,341b3de4ffb5bb884c24ab2ff6fb8a9aadd2049925e39b03de366ffbec392096 | 5744c3578ab3c0e0f7a7c671068117c35702f78eeaf5625fcb3146435bd690d0 | 6e6a2098e9b4112c3f35b9adef473e46cf4920af61ec18dbb4963c55e78d0fc0 | c927f272847c339dd28cae5726c44b321bb85e3771012cf1e69707026f93f19d | edd5989ac0365972806c50a9394ff768849ce0d765113a669a2ce7c15fe90d72,doc/texinfo/gmsh.texi,General questions | Installation problems | Mesh module questions,curated-evidence-v1
term-v1-148,term-v1-0e795bb6604c85a3b6bf0f01fb694dc0b1461fcf6b39f98f72dd96736c0aa04e,Windows,windows,build_workflow_faq,Windows,命令、路径、工具名、软件名和代码标识符保留原文；普通说明使用中文译法。,软件构建、安装或使用说明术语。,approved,two-independent-reviews-accepted,not-required-by-term-policy,4.15.2,4,2b459c04b258890c9efbf785065efe84fa35846fa627fa22e791796f0674744e | 5744c3578ab3c0e0f7a7c671068117c35702f78eeaf5625fcb3146435bd690d0 | 607954aca1de73b235a3e11ae800ac0e32cfaca9b41fddcda9bb86245bd47990 | f845cee7a1fe090d117c937834d4c886f210c6d8c56cbcde08c054491da90605,doc/texinfo/gmsh.texi,General questions | Installation problems,curated-evidence-v1
term-v1-149,term-v1-d2afe8dab864ea9241b548cb5810807a2498b3c6911448b4431f81043911e824,boundary conditions,boundary conditions,build_workflow_faq,边界条件,命令、路径、工具名、软件名和代码标识符保留原文；普通说明使用中文译法。,软件构建、安装或使用说明术语。,approved,two-independent-reviews-accepted,not-required-by-term-policy,4.15.2,3,7dc848396e84f2b813de5e09e7881ad6dfe7e1d4cefbea829cafd486e0e7e95d | b1bc284eb4f533d71e52d290a4e245f4cbc7a7839fe82280cb164d972908171b | dfafec6e3bd0fcbbd01f2e83fba28cb70bdbd2e207ca41313a360aceff1e0c7f,doc/texinfo/gmsh.texi,Mesh module questions,curated-evidence-v1
term-v1-150,term-v1-0ed351ca9fc394d73ba13414d2559583c8595a6ee48b07963518696c5b125e7f,CAD kernel,cad kernel,build_workflow_faq,CAD 内核,命令、路径、工具名、软件名和代码标识符保留原文；普通说明使用中文译法。,软件构建、安装或使用说明术语。,approved,two-independent-reviews-accepted,not-required-by-term-policy,4.15.2,3,341fc1ffb381556a688ac5b313455f9bea2164bef6216b35b82a1ad05d160c23 | 62d0c1186b60980fc65e1ea30781d2a0d2f36d3bc81f9021b9046c79fbca08d2 | a145c0f18a2b690c9788424fe776f5070b7afd6a9b77ab1ef8dd359d90d50dc9,doc/texinfo/gmsh.texi,Geometry module questions,curated-evidence-v1
